From	Entry	Gene.Names..primary.	ENTREZID
A0A024R1R8	A0A024R1R8	TMA7B	112268293
A0A0A0MRZ8	A0A0A0MRZ8	IGKV3D-11	28876
A0A0B4J2D5	A0A0B4J2D5	NA	NA
A0A0U1RRL7	A0A0U1RRL7	MMP24OS	101410538
A0A2R8Y4L2	A0A2R8Y4L2	HNRNPA1L3	642659
A0AV96	A0AV96	RBM47	54502
A0AVI4	A0AVI4	TMEM129	92305
A0AVT1	A0AVT1	UBA6	55236
A0FGR8	A0FGR8	ESYT2	57488
A0MZ66	A0MZ66	SHTN1	57698
A1IGU5	A1IGU5	ARHGEF37	389337
A1L0T0	A1L0T0	ILVBL	10994
A1L390	A1L390	PLEKHG3	26030
A1X283	A1X283	SH3PXD2B	285590
A2A3N6	A2A3N6	PIPSL	266971
A2NJV5	A2NJV5	IGKV2-29	28920
A2RRP1	A2RRP1	NBAS	51594
A2RTX5	A2RTX5	TARS3	123283
A2RU67	A2RU67	FAM234B	57613
A3KMH1	A3KMH1	VWA8	23078
A3KN83	A3KN83	SBNO1	55206
A4D1B5	A4D1B5	GSAP	54103
A4D1P6	A4D1P6	WDR91	29062
A4D1U4	A4D1U4	DENND11	57189
A5D8V6	A5D8V6	VPS37C	55048
A5PLN9	A5PLN9	TRAPPC13	80006
A5YKK6	A5YKK6	CNOT1	23019
A6H8Y1	A6H8Y1	BDP1	55814
A6NCE7	A6NCE7	MAP1LC3B2	643246
A6NDB9	A6NDB9	PALM3	342979
A6NFI3	A6NFI3	ZNF316	100131017
A6NFQ2	A6NFQ2	TCAF2	285966
A6NHQ2	A6NHQ2	FBLL1	345630
A6NHR9	A6NHR9	SMCHD1	23347
A6NHT5	A6NHT5	HMX3	340784
A6NHX0	A6NHX0	CASTOR2	729438
A6NI56	A6NI56	CCDC154	645811
A6NIH7	A6NIH7	UNC119B	84747
A6NJ78	A6NJ78	METTL15	196074
A6NKW6	A6NKW6	SHISAL2B	100132916
A6NMZ7	A6NMZ7	COL6A6	131873
A6QL63	A6QL63	ABTB3	121551
A7E2V4	A7E2V4	ZSWIM8	23053
A7MBM2	A7MBM2	DISP2	85455
A7XYQ1	A7XYQ1	SOBP	55084
A8K2U0	A8K2U0	A2ML1	144568
A8MWY0	A8MWY0	ELAPOR2	222223
A8MXV4	A8MXV4	NUDT19	390916
B1ANS9	B1ANS9	WDR64	128025
B2RUZ4	B2RUZ4	SMIM1	388588
B7ZAQ6	B7ZAQ6	GPR89A	51463
C4AMC7	C4AMC7	WASH3P	100287171
C9J069	C9J069	AJM1	389813
C9J798	C9J798	RASA4B	100271927
C9J7I0	C9J7I0	UMAD1	729852
C9JLW8	C9JLW8	MCRIP1	348262
E9PAV3	E9PAV3	NACA	4666
G2XKQ0	G2XKQ0	SUMO1P1	391257
L0R6Q1	L0R6Q1	SLC35A4	131768270
L0R8F8	L0R8F8	MIEF1	NA
O00116	O00116	AGPS	8540
O00139	O00139	KIF2A	3796
O00142	O00142	TK2	7084
O00148	O00148	DDX39A	10212
O00151	O00151	PDLIM1	9124
O00154	O00154	ACOT7	11332
O00159	O00159	MYO1C	4641
O00161	O00161	SNAP23	8773
O00165	O00165	HAX1	10456
O00170	O00170	AIP	9049
O00178	O00178	GTPBP1	9567
O00182	O00182	LGALS9	3965
O00186	O00186	STXBP3	6814
O00192	O00192	ARVCF	421
O00193	O00193	SMAP	10944
O00203	O00203	AP3B1	8546
O00213	O00213	APBB1	322
O00217	O00217	NDUFS8	4728
O00221	O00221	NFKBIE	4794
O00222	O00222	GRM8	2918
O00231	O00231	PSMD11	5717
O00232	O00232	PSMD12	5718
O00233	O00233	PSMD9	5715
O00244	O00244	ATOX1	475
O00264	O00264	PGRMC1	10857
O00267	O00267	SUPT5H	6829
O00273	O00273	DFFA	1676
O00291	O00291	HIP1	3092
O00299	O00299	CLIC1	1192
O00303	O00303	EIF3F	8665
O00330	O00330	PDHX	8050
O00339	O00339	MATN2	4147
O00391	O00391	QSOX1	5768
O00400	O00400	SLC33A1	9197
O00401	O00401	WASL	8976
O00408	O00408	PDE2A	5138
O00410	O00410	IPO5	3843
O00422	O00422	SAP18	10284
O00423	O00423	EML1	2009
O00429	O00429	DNM1L	10059
O00442	O00442	RTCA	8634
O00443	O00443	PIK3C2A	5286
O00445	O00445	SYT5	6861
O00461	O00461	GOLIM4	27333
O00468	O00468	AGRN	375790
O00469	O00469	PLOD2	5352
O00470	O00470	MEIS1	4211
O00471	O00471	EXOC5	10640
O00478	O00478	BTN3A3	10384
O00479	O00479	HMGN4	10473
O00483	O00483	NDUFA4	4697
O00487	O00487	PSMD14	10213
O00499	O00499	BIN1	274
O00505	O00505	KPNA3	3839
O00515	O00515	LAD1	3898
O00519	O00519	FAAH	2166
O00534	O00534	VWA5A	4013
O00541	O00541	PES1	23481
O00559	O00559	EBAG9	9166
O00560	O00560	SDCBP	6386
O00562	O00562	PITPNM1	9600
O00566	O00566	MPHOSPH10	10199
O00567	O00567	NOP56	10528
O00571	O00571	DDX3X	1654
O00584	O00584	RNASET2	8635
O00592	O00592	PODXL	5420
O00625	O00625	PIR	8544
O00629	O00629	KPNA4	3840
O00712	O00712	NFIB	4781
O00743	O00743	PPP6C	5537
O00754	O00754	MAN2B1	4125
O00757	O00757	FBP2	8789
O00763	O00763	ACACB	32
O00764	O00764	PDXK	8566
O14497	O14497	ARID1A	8289
O14523	O14523	C2CD2L	9854
O14548	O14548	COX7A2L	9167
O14558	O14558	HSPB6	126393
O14561	O14561	NDUFAB1	4706
O14562	O14562	UBFD1	56061
O14576	O14576	DYNC1I1	1780
O14579	O14579	COPE	11316
O14602	O14602	EIF1AY	9086
O14613	O14613	CDC42EP2	10435
O14617	O14617	AP3D1	8943
O14618	O14618	CCS	9973
O14639	O14639	ABLIM1	3983
O14641	O14641	DVL2	1856
O14653	O14653	GOSR2	9570
O14656	O14656	TOR1A	1861
O14657	O14657	TOR1B	27348
O14662	O14662	STX16	8675
O14672	O14672	ADAM10	102
O14681	O14681	EI24	9538
O14683	O14683	TP53I11	9537
O14686	O14686	KMT2D	8085
O14730	O14730	RIOK3	8780
O14732	O14732	IMPA2	3613
O14735	O14735	CDIPT	10423
O14737	O14737	PDCD5	9141
O14744	O14744	PRMT5	10419
O14745	O14745	NHERF1	9368
O14772	O14772	FPGT	8790
O14773	O14773	TPP1	1200
O14776	O14776	TCERG1	10915
O14786	O14786	NRP1	8829
O14787	O14787	TNPO2	30000
O14795	O14795	UNC13B	10497
O14802	O14802	POLR3A	11128
O14818	O14818	PSMA7	5688
O14828	O14828	SCAMP3	10067
O14841	O14841	OPLAH	26873
O14874	O14874	BCKDK	10295
O14879	O14879	IFIT3	3437
O14880	O14880	MGST3	4259
O14896	O14896	IRF6	3664
O14907	O14907	TAX1BP3	30851
O14908	O14908	GIPC1	10755
O14917	O14917	PCDH17	27253
O14933	O14933	UBE2L6	9246
O14936	O14936	CASK	8573
O14939	O14939	PLD2	5338
O14949	O14949	UQCRQ	27089
O14950	O14950	MYL12B	103910
O14957	O14957	UQCR11	10975
O14964	O14964	HGS	9146
O14966	O14966	RAB29	8934
O14967	O14967	CLGN	1047
O14972	O14972	VPS26C	10311
O14974	O14974	PPP1R12A	4659
O14975	O14975	SLC27A2	11001
O14976	O14976	GAK	2580
O14979	O14979	HNRNPDL	9987
O14980	O14980	XPO1	7514
O14981	O14981	BTAF1	9044
O15013	O15013	ARHGEF10	9639
O15020	O15020	SPTBN2	6712
O15021	O15021	MAST4	375449
O15027	O15027	SEC16A	9919
O15031	O15031	PLXNB2	23654
O15034	O15034	RIMBP2	23504
O15042	O15042	U2SURP	23350
O15056	O15056	SYNJ2	8871
O15061	O15061	SYNM	23336
O15066	O15066	KIF3B	9371
O15067	O15067	PFAS	5198
O15068	O15068	MCF2L	23263
O15069	O15069	NACAD	23148
O15079	O15079	SNPH	9751
O15084	O15084	ANKRD28	23243
O15085	O15085	ARHGEF11	9826
O15111	O15111	CHUK	1147
O15116	O15116	LSM1	27257
O15118	O15118	NPC1	4864
O15120	O15120	AGPAT2	10555
O15121	O15121	DEGS1	8560
O15126	O15126	SCAMP1	9522
O15127	O15127	SCAMP2	10066
O15131	O15131	KPNA5	3841
O15143	O15143	ARPC1B	10095
O15144	O15144	ARPC2	10109
O15145	O15145	ARPC3	10094
O15155	O15155	BET1	10282
O15160	O15160	POLR1C	9533
O15173	O15173	PGRMC2	10424
O15211	O15211	RGL2	5863
O15212	O15212	PFDN6	10471
O15228	O15228	GNPAT	8443
O15230	O15230	LAMA5	3911
O15231	O15231	ZNF185	7739
O15240	O15240	VGF	7425
O15247	O15247	CLIC2	1193
O15258	O15258	RER1	11079
O15260	O15260	SURF4	6836
O15264	O15264	MAPK13	5603
O15269	O15269	SPTLC1	10558
O15294	O15294	OGT	8473
O15305	O15305	PMM2	5373
O15321	O15321	TM9SF1	10548
O15347	O15347	HMGB3	3149
O15355	O15355	PPM1G	5496
O15357	O15357	INPPL1	3636
O15371	O15371	EIF3D	8664
O15372	O15372	EIF3H	8667
O15379	O15379	HDAC3	8841
O15382	O15382	BCAT2	587
O15397	O15397	IPO8	10526
O15400	O15400	STX7	8417
O15438	O15438	ABCC3	8714
O15439	O15439	ABCC4	10257
O15446	O15446	POLR1G	10849
O15455	O15455	TLR3	7098
O15460	O15460	P4HA2	8974
O15484	O15484	CAPN5	726
O15488	O15488	GYG2	8908
O15498	O15498	YKT6	10652
O15511	O15511	ARPC5	10092
O15514	O15514	POLR2D	5433
O15523	O15523	DDX3Y	8653
O15530	O15530	PDPK1	5170
O15533	O15533	TAPBP	6892
O15541	O15541	RNF113A	7737
O15551	O15551	CLDN3	1365
O43143	O43143	DHX15	1665
O43147	O43147	SGSM2	9905
O43148	O43148	RNMT	8731
O43149	O43149	ZZEF1	23140
O43155	O43155	FLRT2	23768
O43156	O43156	TTI1	9675
O43157	O43157	PLXNB1	5364
O43164	O43164	PJA2	9867
O43166	O43166	SIPA1L1	26037
O43169	O43169	CYB5B	80777
O43172	O43172	PRPF4	9128
O43173	O43173	ST8SIA3	51046
O43175	O43175	PHGDH	26227
O43181	O43181	NDUFS4	4724
O43189	O43189	PHF1	5252
O43237	O43237	DYNC1LI2	1783
O43240	O43240	KLK10	5655
O43242	O43242	PSMD3	5709
O43251	O43251	RBFOX2	23543
O43252	O43252	PAPSS1	9061
O43264	O43264	ZW10	9183
O43290	O43290	SART1	9092
O43291	O43291	SPINT2	10653
O43292	O43292	GPAA1	8733
O43294	O43294	TGFB1I1	7041
O43299	O43299	AP5Z1	9907
O43301	O43301	HSPA12A	259217
O43306	O43306	ADCY6	112
O43310	O43310	CTIF	9811
O43314	O43314	PPIP5K2	23262
O43324	O43324	EEF1E1	9521
O43347	O43347	MSI1	4440
O43390	O43390	HNRNPR	10236
O43395	O43395	PRPF3	9129
O43396	O43396	TXNL1	9352
O43399	O43399	TPD52L2	7165
O43402	O43402	EMC8	10328
O43426	O43426	SYNJ1	8867
O43427	O43427	FIBP	9158
O43432	O43432	EIF4G3	8672
O43464	O43464	HTRA2	27429
O43488	O43488	AKR7A2	8574
O43491	O43491	EPB41L2	2037
O43493	O43493	TGOLN2	10618
O43504	O43504	LAMTOR5	10542
O43505	O43505	B4GAT1	11041
O43548	O43548	TGM5	9333
O43567	O43567	RNF13	11342
O43570	O43570	CA12	771
O43572	O43572	AKAP10	11216
O43581	O43581	SYT7	9066
O43583	O43583	DENR	8562
O43592	O43592	XPOT	11260
O43598	O43598	DNPH1	10591
O43602	O43602	DCX	1641
O43615	O43615	TIMM44	10469
O43617	O43617	TRAPPC3	27095
O43633	O43633	CHMP2A	27243
O43639	O43639	NCK2	8440
O43660	O43660	PLRG1	5356
O43665	O43665	RGS10	6001
O43670	O43670	ZNF207	7756
O43674	O43674	NDUFB5	4711
O43676	O43676	NDUFB3	4709
O43678	O43678	NDUFA2	4695
O43681	O43681	GET3	439
O43684	O43684	BUB3	9184
O43707	O43707	ACTN4	81
O43716	O43716	GATC	283459
O43719	O43719	HTATSF1	27336
O43741	O43741	PRKAB2	5565
O43747	O43747	AP1G1	164
O43752	O43752	STX6	10228
O43759	O43759	SYNGR1	9145
O43760	O43760	SYNGR2	9144
O43761	O43761	SYNGR3	9143
O43765	O43765	SGTA	6449
O43768	O43768	ENSA	2029
O43772	O43772	SLC25A20	788
O43776	O43776	NARS1	4677
O43795	O43795	MYO1B	4430
O43809	O43809	NUDT21	11051
O43813	O43813	LANCL1	10314
O43815	O43815	STRN	6801
O43818	O43818	RRP9	9136
O43819	O43819	SCO2	9997
O43822	O43822	CFAP410	755
O43823	O43823	AKAP8	10270
O43826	O43826	SLC37A4	2542
O43837	O43837	IDH3B	3420
O43847	O43847	NRDC	4898
O43852	O43852	CALU	813
O43854	O43854	EDIL3	10085
O43865	O43865	AHCYL1	10768
O43903	O43903	GAS2	2620
O43913	O43913	ORC5	5001
O43920	O43920	NDUFS5	4725
O43929	O43929	ORC4	5000
O43933	O43933	PEX1	5189
O60216	O60216	RAD21	5885
O60220	O60220	TIMM8A	1678
O60231	O60231	DHX16	8449
O60232	O60232	ZNRD2	10534
O60238	O60238	BNIP3L	665
O60239	O60239	SH3BP5	9467
O60243	O60243	HS6ST1	9394
O60244	O60244	MED14	9282
O60245	O60245	PCDH7	5099
O60256	O60256	PRPSAP2	5636
O60262	O60262	GNG7	2788
O60264	O60264	SMARCA5	8467
O60268	O60268	KIAA0513	9764
O60271	O60271	SPAG9	9043
O60282	O60282	KIF5C	3800
O60287	O60287	URB1	9875
O60291	O60291	MGRN1	23295
O60292	O60292	SIPA1L3	23094
O60306	O60306	AQR	9716
O60313	O60313	OPA1	4976
O60318	O60318	MCM3AP	8888
O60331	O60331	PIP5K1C	23396
O60333	O60333	KIF1B	23095
O60336	O60336	MAPKBP1	23005
O60341	O60341	KDM1A	23028
O60343	O60343	TBC1D4	9882
O60437	O60437	PPL	5493
O60476	O60476	MAN1A2	10905
O60488	O60488	ACSL4	2182
O60493	O60493	SNX3	8724
O60502	O60502	OGA	10724
O60504	O60504	SORBS3	10174
O60506	O60506	SYNCRIP	10492
O60508	O60508	CDC40	51362
O60512	O60512	B4GALT3	8703
O60513	O60513	B4GALT4	8702
O60518	O60518	RANBP6	26953
O60524	O60524	NEMF	9147
O60547	O60547	GMDS	2762
O60563	O60563	CCNT1	904
O60568	O60568	PLOD3	8985
O60573	O60573	EIF4E2	9470
O60583	O60583	CCNT2	905
O60610	O60610	DIAPH1	1729
O60613	O60613	SELENOF	9403
O60637	O60637	TSPAN3	10099
O60641	O60641	SNAP91	9892
O60645	O60645	EXOC3	11336
O60658	O60658	PDE8A	5151
O60664	O60664	PLIN3	10226
O60669	O60669	SLC16A7	9194
O60684	O60684	KPNA6	23633
O60701	O60701	UGDH	7358
O60704	O60704	TPST2	8459
O60716	O60716	CTNND1	1500
O60725	O60725	ICMT	23463
O60733	O60733	PLA2G6	8398
O60739	O60739	EIF1B	10289
O60749	O60749	SNX2	6643
O60762	O60762	DPM1	8813
O60763	O60763	USO1	8615
O60784	O60784	TOM1	10043
O60825	O60825	PFKFB2	5208
O60826	O60826	CCDC22	28952
O60828	O60828	PQBP1	10084
O60831	O60831	PRAF2	11230
O60832	O60832	DKC1	1736
O60841	O60841	EIF5B	9669
O60869	O60869	EDF1	8721
O60879	O60879	DIAPH2	1730
O60884	O60884	DNAJA2	10294
O60885	O60885	BRD4	23476
O60888	O60888	CUTA	51596
O60906	O60906	SMPD2	6610
O60911	O60911	CTSV	1515
O60925	O60925	PFDN1	5201
O60934	O60934	NBN	4683
O60936	O60936	NOL3	8996
O60941	O60941	DTNB	1838
O60942	O60942	RNGTT	8732
O75027	O75027	ABCB7	22
O75038	O75038	PLCH2	9651
O75044	O75044	SRGAP2	23380
O75051	O75051	PLXNA2	5362
O75063	O75063	FAM20B	9917
O75083	O75083	WDR1	9948
O75093	O75093	SLIT1	6585
O75110	O75110	ATP9A	10079
O75113	O75113	N4BP1	9683
O75116	O75116	ROCK2	9475
O75122	O75122	CLASP2	23122
O75127	O75127	PTCD1	26024
O75128	O75128	COBL	23242
O75131	O75131	CPNE3	8895
O75143	O75143	ATG13	9776
O75145	O75145	PPFIA3	8541
O75146	O75146	HIP1R	9026
O75150	O75150	RNF40	9810
O75151	O75151	PHF2	5253
O75152	O75152	ZC3H11A	9877
O75153	O75153	CLUH	23277
O75155	O75155	CAND2	23066
O75165	O75165	DNAJC13	23317
O75167	O75167	PHACTR2	9749
O75170	O75170	PPP6R2	9701
O75175	O75175	CNOT3	4849
O75179	O75179	ANKRD17	26057
O75182	O75182	SIN3B	23309
O75190	O75190	DNAJB6	10049
O75208	O75208	COQ9	57017
O75223	O75223	GGCT	79017
O75251	O75251	NDUFS7	374291
O75306	O75306	NDUFS2	4720
O75323	O75323	NIPSNAP2	2631
O75340	O75340	PDCD6	10016
O75342	O75342	ALOX12B	242
O75347	O75347	TBCA	6902
O75348	O75348	ATP6V1G1	9550
O75351	O75351	VPS4B	9525
O75352	O75352	MPDU1	9526
O75355	O75355	ENTPD3	956
O75367	O75367	MACROH2A1	9555
O75368	O75368	SH3BGRL	6451
O75369	O75369	FLNB	2317
O75376	O75376	NCOR1	9611
O75379	O75379	VAMP4	8674
O75380	O75380	NDUFS6	4726
O75381	O75381	PEX14	5195
O75382	O75382	TRIM3	10612
O75387	O75387	SLC43A1	8501
O75390	O75390	CS	1431
O75391	O75391	SPAG7	9552
O75396	O75396	SEC22B	9554
O75400	O75400	PRPF40A	55660
O75410	O75410	TACC1	6867
O75420	O75420	GIGYF1	64599
O75427	O75427	LRCH4	4034
O75431	O75431	MTX2	10651
O75436	O75436	VPS26A	9559
O75438	O75438	NDUFB1	4707
O75439	O75439	PMPCB	9512
O75460	O75460	ERN1	2081
O75475	O75475	PSIP1	11168
O75477	O75477	ERLIN1	10613
O75489	O75489	NDUFS3	4722
O75494	O75494	SRSF10	10772
O75506	O75506	HSBP1	3281
O75521	O75521	ECI2	10455
O75525	O75525	KHDRBS3	10656
O75531	O75531	BANF1	8815
O75533	O75533	SF3B1	23451
O75534	O75534	CSDE1	7812
O75556	O75556	SCGB2A1	4246
O75569	O75569	PRKRA	8575
O75586	O75586	MED6	10001
O75592	O75592	MYCBP2	23077
O75600	O75600	GCAT	23464
O75608	O75608	LYPLA1	10434
O75629	O75629	CREG1	8804
O75635	O75635	SERPINB7	8710
O75643	O75643	SNRNP200	23020
O75648	O75648	TRMU	55687
O75663	O75663	TIPRL	261726
O75674	O75674	TOM1L1	10040
O75688	O75688	PPM1B	5495
O75691	O75691	UTP20	27340
O75694	O75694	NUP155	9631
O75746	O75746	SLC25A12	8604
O75781	O75781	PALM	5064
O75787	O75787	ATP6AP2	10159
O75792	O75792	RNASEH2A	10535
O75815	O75815	BCAR3	8412
O75820	O75820	ZNF189	7743
O75821	O75821	EIF3G	8666
O75822	O75822	EIF3J	8669
O75830	O75830	SERPINI2	5276
O75832	O75832	PSMD10	5716
O75843	O75843	AP1G2	8906
O75844	O75844	ZMPSTE24	10269
O75874	O75874	IDH1	3417
O75879	O75879	GATB	5188
O75880	O75880	SCO1	6341
O75884	O75884	RBBP9	10741
O75886	O75886	STAM2	10254
O75891	O75891	ALDH1L1	10840
O75907	O75907	DGAT1	8694
O75909	O75909	CCNK	8812
O75911	O75911	DHRS3	9249
O75914	O75914	PAK3	5063
O75915	O75915	ARL6IP5	10550
O75923	O75923	DYSF	8291
O75934	O75934	BCAS2	10286
O75935	O75935	DCTN3	11258
O75937	O75937	DNAJC8	22826
O75947	O75947	ATP5PD	10476
O75954	O75954	TSPAN9	10867
O75955	O75955	FLOT1	10211
O75962	O75962	TRIO	7204
O75964	O75964	ATP5MG	10632
O75970	O75970	MPDZ	8777
O75973	O75973	C1QL1	10882
O75976	O75976	CPD	1362
O76003	O76003	GLRX3	10539
O76009	O76009	KRT33A	3883
O76021	O76021	RSL1D1	26156
O76024	O76024	WFS1	7466
O76027	O76027	ANXA9	8416
O76031	O76031	CLPX	10845
O76038	O76038	SCGN	10590
O76041	O76041	NEBL	10529
O76050	O76050	NEURL1	9148
O76062	O76062	TM7SF2	7108
O76070	O76070	SNCG	6623
O76074	O76074	PDE5A	8654
O76075	O76075	DFFB	1677
O76094	O76094	SRP72	6731
O94760	O94760	DDAH1	23576
O94763	O94763	URI1	8725
O94766	O94766	B3GAT3	26229
O94776	O94776	MTA2	9219
O94778	O94778	AQP8	343
O94804	O94804	STK10	6793
O94805	O94805	ACTL6B	51412
O94811	O94811	TPPP	11076
O94812	O94812	BAIAP3	8938
O94818	O94818	NOL4	8715
O94819	O94819	KBTBD11	9920
O94822	O94822	LTN1	26046
O94826	O94826	TOMM70	9868
O94829	O94829	IPO13	9670
O94830	O94830	DDHD2	23259
O94832	O94832	MYO1D	4642
O94842	O94842	TOX4	9878
O94855	O94855	SEC24D	9871
O94856	O94856	NFASC	23114
O94864	O94864	SUPT7L	9913
O94874	O94874	UFL1	23376
O94875	O94875	SORBS2	8470
O94880	O94880	PHF14	9678
O94887	O94887	FARP2	9855
O94888	O94888	UBXN7	26043
O94901	O94901	SUN1	23353
O94903	O94903	PLPBP	11212
O94905	O94905	ERLIN2	11160
O94906	O94906	PRPF6	24148
O94910	O94910	ADGRL1	22859
O94911	O94911	ABCA8	10351
O94913	O94913	PCF11	51585
O94915	O94915	FRYL	285527
O94919	O94919	ENDOD1	23052
O94925	O94925	GLS	2744
O94952	O94952	FBXO21	23014
O94955	O94955	RHOBTB3	22836
O94966	O94966	USP19	10869
O94967	O94967	WDR47	22911
O94973	O94973	AP2A2	161
O94979	O94979	SEC31A	22872
O94992	O94992	HEXIM1	10614
O95070	O95070	YIF1A	10897
O95071	O95071	UBR5	51366
O95081	O95081	AGFG2	3268
O95096	O95096	NKX2-2	4821
O95104	O95104	SCAF4	57466
O95139	O95139	NDUFB6	4712
O95140	O95140	MFN2	9927
O95154	O95154	AKR7A3	22977
O95159	O95159	ZFPL1	7542
O95163	O95163	ELP1	8518
O95164	O95164	UBL3	5412
O95167	O95167	NDUFA3	4696
O95168	O95168	NDUFB4	4710
O95169	O95169	NDUFB8	4714
O95178	O95178	NDUFB2	4708
O95182	O95182	NDUFA7	4701
O95197	O95197	RTN3	10313
O95202	O95202	LETM1	3954
O95210	O95210	STBD1	8987
O95218	O95218	ZRANB2	9406
O95219	O95219	SNX4	8723
O95232	O95232	LUC7L3	51747
O95236	O95236	APOL3	80833
O95248	O95248	SBF1	6305
O95249	O95249	GOSR1	9527
O95251	O95251	KAT7	11143
O95258	O95258	SLC25A14	9016
O95260	O95260	ATE1	11101
O95267	O95267	RASGRP1	10125
O95292	O95292	VAPB	9217
O95295	O95295	SNAPIN	23557
O95298	O95298	NDUFC2	4718
O95299	O95299	NDUFA10	4705
O95302	O95302	FKBP9	11328
O95336	O95336	PGLS	25796
O95340	O95340	PAPSS2	9060
O95352	O95352	ATG7	10533
O95359	O95359	TACC2	10579
O95363	O95363	FARS2	10667
O95365	O95365	ZBTB7A	51341
O95372	O95372	LYPLA2	11313
O95373	O95373	IPO7	10527
O95376	O95376	ARIH2	10425
O95379	O95379	TNFAIP8	25816
O95394	O95394	PGM3	5238
O95396	O95396	MOCS3	27304
O95400	O95400	CD2BP2	10421
O95433	O95433	AHSA1	10598
O95453	O95453	PARN	5073
O95456	O95456	PSMG1	8624
O95467	O95467	GNAS	NA
O95470	O95470	SGPL1	8879
O95479	O95479	H6PD	9563
O95486	O95486	SEC24A	10802
O95487	O95487	SEC24B	10427
O95502	O95502	NPTXR	23467
O95503	O95503	CBX6	23466
O95562	O95562	SFT2D2	375035
O95563	O95563	MPC2	25874
O95571	O95571	ETHE1	23474
O95573	O95573	ACSL3	2181
O95602	O95602	POLR1A	25885
O95613	O95613	PCNT	5116
O95630	O95630	STAMBP	10617
O95670	O95670	ATP6V1G2	534
O95671	O95671	ASMTL	8623
O95674	O95674	CDS2	8760
O95685	O95685	PPP1R3D	5509
O95696	O95696	BRD1	23774
O95714	O95714	HERC2	8924
O95716	O95716	RAB3D	9545
O95721	O95721	SNAP29	9342
O95747	O95747	OXSR1	9943
O95749	O95749	GGPS1	9453
O95755	O95755	RAB36	9609
O95757	O95757	HSPA4L	22824
O95758	O95758	PTBP3	9991
O95772	O95772	STARD3NL	83930
O95777	O95777	LSM8	51691
O95782	O95782	AP2A1	160
O95786	O95786	RIGI	23586
O95793	O95793	STAU1	6780
O95810	O95810	CAVIN2	8436
O95816	O95816	BAG2	9532
O95817	O95817	BAG3	9531
O95822	O95822	MLYCD	23417
O95825	O95825	CRYZL1	9946
O95831	O95831	AIFM1	9131
O95834	O95834	EML2	24139
O95848	O95848	NUDT14	256281
O95857	O95857	TSPAN13	27075
O95861	O95861	BPNT1	10380
O95864	O95864	FADS2	9415
O95865	O95865	DDAH2	23564
O95870	O95870	ABHD16A	7920
O95881	O95881	TXNDC12	51060
O95905	O95905	ECD	11319
O95926	O95926	SYF2	25949
O95931	O95931	CBX7	23492
O95954	O95954	FTCD	10841
O95968	O95968	SCGB1D1	10648
O95969	O95969	SCGB1D2	10647
O95989	O95989	NUDT3	11165
O95994	O95994	AGR2	10551
O96000	O96000	NDUFB10	4716
O96005	O96005	CLPTM1	1209
O96007	O96007	MOCS2	NA
O96008	O96008	TOMM40	10452
O96011	O96011	PEX11B	8799
O96013	O96013	PAK4	10298
O96019	O96019	ACTL6A	86
O96033	O96033	MOCS2	NA
P00167	P00167	CYB5A	1528
P00325	P00325	ADH1B	125
P00326	P00326	ADH1C	126
P00338	P00338	LDHA	3939
P00352	P00352	ALDH1A1	216
P00367	P00367	GLUD1	2746
P00387	P00387	CYB5R3	1727
P00390	P00390	GSR	2936
P00403	P00403	MT-CO2	4513
P00441	P00441	SOD1	6647
P00450	P00450	CP	1356
P00480	P00480	OTC	5009
P00488	P00488	F13A1	2162
P00491	P00491	PNP	4860
P00492	P00492	HPRT1	3251
P00505	P00505	GOT2	2806
P00533	P00533	EGFR	1956
P00558	P00558	PGK1	5230
P00568	P00568	AK1	203
P00734	P00734	F2	2147
P00736	P00736	C1R	715
P00738	P00738	HP	3240
P00740	P00740	F9	2158
P00742	P00742	F10	2159
P00746	P00746	CFD	1675
P00751	P00751	CFB	629
P00846	P00846	MT-ATP6	4508
P00915	P00915	CA1	759
P00918	P00918	CA2	760
P00966	P00966	ASS1	445
P00995	P00995	SPINK1	6690
P01008	P01008	SERPINC1	462
P01009	P01009	SERPINA1	5265
P01011	P01011	SERPINA3	12
P01019	P01019	AGT	183
P01023	P01023	A2M	2
P01024	P01024	C3	718
P01031	P01031	C5	727
P01033	P01033	TIMP1	7076
P01034	P01034	CST3	1471
P01036	P01036	CST4	1472
P01037	P01037	CST1	1469
P01040	P01040	CSTA	1475
P01042	P01042	KNG1	3827
P01112	P01112	HRAS	3265
P01275	P01275	GCG	2641
P01298	P01298	PPY	5539
P01303	P01303	NPY	4852
P01308	P01308	INS	3630
P01583	P01583	IL1A	3552
P01619	P01619	IGKV3-20	28912
P01700	P01700	IGLV1-47	28822
P01768	P01768	IGHV3-30	28439
P01833	P01833	PIGR	5284
P01834	P01834	IGKC	3514
P01859	P01859	IGHG2	3501
P01860	P01860	IGHG3	3502
P01871	P01871	IGHM	3507
P01876	P01876	IGHA1	3493
P01889	P01889	HLA-B	3106
P01893	P01893	HLA-H	3136
P01903	P01903	HLA-DRA	3122
P01911	P01911	HLA-DRB1	3123
P02042	P02042	HBD	3045
P02452	P02452	COL1A1	1277
P02461	P02461	COL3A1	1281
P02462	P02462	COL4A1	1282
P02511	P02511	CRYAB	1410
P02533	P02533	KRT14	3861
P02538	P02538	KRT6A	3853
P02545	P02545	LMNA	4000
P02549	P02549	SPTA1	6708
P02647	P02647	APOA1	335
P02649	P02649	APOE	348
P02652	P02652	APOA2	336
P02654	P02654	APOC1	341
P02655	P02655	APOC2	344
P02656	P02656	APOC3	345
P02671	P02671	FGA	2243
P02675	P02675	FGB	2244
P02679	P02679	FGG	2266
P02686	P02686	MBP	4155
P02724	P02724	GYPA	2993
P02730	P02730	SLC4A1	6521
P02741	P02741	CRP	1401
P02743	P02743	APCS	325
P02748	P02748	C9	735
P02749	P02749	APOH	350
P02751	P02751	FN1	2335
P02753	P02753	RBP4	5950
P02760	P02760	AMBP	259
P02763	P02763	ORM1	5004
P02765	P02765	AHSG	197
P02766	P02766	TTR	7276
P02768	P02768	ALB	213
P02774	P02774	GC	2638
P02778	P02778	CXCL10	3627
P02786	P02786	TFRC	7037
P02787	P02787	TF	7018
P02788	P02788	LTF	4057
P02790	P02790	HPX	3263
P02792	P02792	FTL	2512
P02794	P02794	FTH1	2495
P02795	P02795	MT2A	4502
P03905	P03905	MT-ND4	4538
P03915	P03915	MT-ND5	4540
P03923	P03923	MT-ND6	4541
P03950	P03950	ANG	283
P04004	P04004	VTN	7448
P04040	P04040	CAT	847
P04054	P04054	PLA2G1B	5319
P04062	P04062	GBA1	2629
P04066	P04066	FUCA1	2517
P04075	P04075	ALDOA	226
P04080	P04080	CSTB	1476
P04083	P04083	ANXA1	301
P04118	P04118	CLPS	1208
P04156	P04156	PRNP	5621
P04179	P04179	SOD2	6648
P04181	P04181	OAT	4942
P04216	P04216	THY1	7070
P04233	P04233	CD74	972
P04259	P04259	KRT6B	3854
P04264	P04264	KRT1	3848
P04271	P04271	S100B	6285
P04275	P04275	VWF	7450
P04279	P04279	SEMG1	6406
P04406	P04406	GAPDH	2597
P04424	P04424	ASL	435
P04439	P04439	HLA-A	3105
P04632	P04632	CAPNS1	826
P04746	P04746	AMY2A	279
P04792	P04792	HSPB1	3315
P04839	P04839	CYBB	1536
P04843	P04843	RPN1	6184
P04844	P04844	RPN2	6185
P04899	P04899	GNAI2	2771
P04921	P04921	GYPC	2995
P05023	P05023	ATP1A1	476
P05026	P05026	ATP1B1	481
P05060	P05060	CHGB	1114
P05062	P05062	ALDOB	229
P05067	P05067	APP	351
P05089	P05089	ARG1	383
P05090	P05090	APOD	347
P05091	P05091	ALDH2	217
P05107	P05107	ITGB2	3689
P05109	P05109	S100A8	6279
P05114	P05114	HMGN1	3150
P05141	P05141	SLC25A5	292
P05155	P05155	SERPING1	710
P05156	P05156	CFI	3426
P05161	P05161	ISG15	9636
P05162	P05162	LGALS2	3957
P05164	P05164	MPO	4353
P05165	P05165	PCCA	5095
P05166	P05166	PCCB	5096
P05186	P05186	ALPL	249
P05198	P05198	EIF2S1	1965
P05204	P05204	HMGN2	3151
P05362	P05362	ICAM1	3383
P05386	P05386	RPLP1	6176
P05387	P05387	RPLP2	6181
P05388	P05388	RPLP0	6175
P05408	P05408	SCG5	6447
P05413	P05413	FABP3	2170
P05451	P05451	REG1A	5967
P05455	P05455	SSB	6741
P05556	P05556	ITGB1	3688
P05783	P05783	KRT18	3875
P05787	P05787	KRT8	3856
P05937	P05937	CALB1	793
P05981	P05981	HPN	3249
P05997	P05997	COL5A2	1290
P06132	P06132	UROD	7389
P06213	P06213	INSR	3643
P06280	P06280	GLA	2717
P06396	P06396	GSN	2934
P06401	P06401	PGR	5241
P06454	P06454	PTMA	5757
P06493	P06493	CDK1	983
P06576	P06576	ATP5F1B	506
P06702	P06702	S100A9	6280
P06703	P06703	S100A6	6277
P06727	P06727	APOA4	337
P06730	P06730	EIF4E	1977
P06733	P06733	ENO1	2023
P06737	P06737	PYGL	5836
P06744	P06744	GPI	2821
P06746	P06746	POLB	5423
P06748	P06748	NPM1	4869
P06753	P06753	TPM3	7170
P06756	P06756	ITGAV	3685
P06850	P06850	CRH	1392
P06865	P06865	HEXA	3073
P06870	P06870	KLK1	3816
P06899	P06899	H2BC11	8970
P07093	P07093	SERPINE2	5270
P07099	P07099	EPHX1	2052
P07108	P07108	DBI	1622
P07195	P07195	LDHB	3945
P07196	P07196	NEFL	4747
P07197	P07197	NEFM	4741
P07203	P07203	GPX1	2876
P07204	P07204	THBD	7056
P07237	P07237	P4HB	5034
P07305	P07305	H1-0	3005
P07311	P07311	ACYP1	97
P07332	P07332	FES	2242
P07339	P07339	CTSD	1509
P07355	P07355	ANXA2	302
P07384	P07384	CAPN1	823
P07437	P07437	TUBB	203068
P07451	P07451	CA3	761
P07476	P07476	IVL	3713
P07477	P07477	PRSS1	5644
P07478	P07478	PRSS2	5645
P07585	P07585	DCN	1634
P07602	P07602	PSAP	5660
P07686	P07686	HEXB	3074
P07737	P07737	PFN1	5216
P07738	P07738	BPGM	669
P07741	P07741	APRT	353
P07814	P07814	EPRS1	2058
P07858	P07858	CTSB	1508
P07900	P07900	HSP90AA1	3320
P07902	P07902	GALT	2592
P07910	P07910	HNRNPC	3183
P07919	P07919	UQCRH	7388
P07942	P07942	LAMB1	3912
P07947	P07947	YES1	7525
P07948	P07948	LYN	4067
P07951	P07951	TPM2	7169
P07954	P07954	FH	2271
P07996	P07996	THBS1	7057
P08123	P08123	COL1A2	1278
P08133	P08133	ANXA6	309
P08134	P08134	RHOC	389
P08183	P08183	ABCB1	5243
P08195	P08195	SLC3A2	6520
P08217	P08217	CELA2A	63036
P08218	P08218	CELA2B	51032
P08236	P08236	GUSB	2990
P08237	P08237	PFKM	5213
P08238	P08238	HSP90AB1	3326
P08240	P08240	SRPRA	6734
P08243	P08243	ASNS	440
P08246	P08246	ELANE	1991
P08247	P08247	SYP	6855
P08263	P08263	GSTA1	2938
P08294	P08294	SOD3	6649
P08311	P08311	CTSG	1511
P08559	P08559	PDHA1	5160
P08567	P08567	PLEK	5341
P08571	P08571	CD14	929
P08572	P08572	COL4A2	1284
P08574	P08574	CYC1	1537
P08575	P08575	PTPRC	5788
P08579	P08579	SNRPB2	6629
P08621	P08621	SNRNP70	6625
P08651	P08651	NFIC	4782
P08670	P08670	VIM	7431
P08708	P08708	RPS17	6218
P08727	P08727	KRT19	3880
P08729	P08729	KRT7	3855
P08754	P08754	GNAI3	2773
P08758	P08758	ANXA5	308
P08779	P08779	KRT16	3868
P08842	P08842	STS	412
P08861	P08861	CELA3B	23436
P08865	P08865	RPSA	3921
P08913	P08913	ADRA2A	150
P08962	P08962	CD63	967
P09001	P09001	MRPL3	11222
P09012	P09012	SNRPA	6626
P09093	P09093	CELA3A	10136
P09104	P09104	ENO2	2026
P09105	P09105	HBQ1	3049
P09110	P09110	ACAA1	30
P09132	P09132	SRP19	6728
P09210	P09210	GSTA2	2939
P09211	P09211	GSTP1	2950
P09234	P09234	SNRPC	6631
P09327	P09327	VIL1	7429
P09341	P09341	CXCL1	2919
P09382	P09382	LGALS1	3956
P09417	P09417	QDPR	5860
P09429	P09429	HMGB1	3146
P09455	P09455	RBP1	5947
P09467	P09467	FBP1	2203
P09471	P09471	GNAO1	2775
P09486	P09486	SPARC	6678
P09488	P09488	GSTM1	2944
P09493	P09493	TPM1	7168
P09496	P09496	CLTA	1211
P09497	P09497	CLTB	1212
P09525	P09525	ANXA4	307
P09543	P09543	CNP	1267
P09619	P09619	PDGFRB	5159
P09622	P09622	DLD	1738
P09651	P09651	HNRNPA1	3178
P09661	P09661	SNRPA1	6627
P09668	P09668	CTSH	1512
P09669	P09669	COX6C	1345
P09758	P09758	TACSTD2	4070
P09871	P09871	C1S	716
P09874	P09874	PARP1	142
P09914	P09914	IFIT1	3434
P09917	P09917	ALOX5	240
P09936	P09936	UCHL1	7345
P09958	P09958	FURIN	5045
P09960	P09960	LTA4H	4048
P09972	P09972	ALDOC	230
P0C0L4	P0C0L4	C4A	720
P0C0L5	P0C0L5	C4B; C4B_2	721
P0C0S5	P0C0S5	H2AZ1	3015
P0C2W1	P0C2W1	FBXO45	200933
P0C7P0	P0C7P0	CISD3	284106
P0C870	P0C870	JMJD7	100137047
P0CG29	P0CG29	GSTT2	2953
P0CG37	P0CG37	CFC1	55997
P0CW23	P0CW23	AKAIN1	642597
P0DJI8	P0DJI8	SAA1	6288
P0DMV8	P0DMV8	HSPA1A	3303
P0DOX5	P0DOX5	NA	NA
P0DOY2	P0DOY2	IGLC2	3538
P0DP23	P0DP23	CALM1	801
P0DPA2	P0DPA2	VSIG8	391123
P0DPH7	P0DPH7	TUBA3C	7278
P0DTE7	P0DTE7	AMY1B	276
P10109	P10109	FDX1	2230
P10155	P10155	RO60	6738
P10253	P10253	GAA	2548
P10301	P10301	RRAS	6237
P10321	P10321	HLA-C	3107
P10398	P10398	ARAF	369
P10412	P10412	H1-4	3008
P10451	P10451	SPP1	6696
P10515	P10515	DLAT	1737
P10586	P10586	PTPRF	5792
P10589	P10589	NR2F1	7025
P10599	P10599	TXN	7295
P10606	P10606	COX5B	1329
P10619	P10619	CTSA	5476
P10620	P10620	MGST1	4257
P10636	P10636	MAPT	4137
P10643	P10643	C7	730
P10644	P10644	PRKAR1A	5573
P10645	P10645	CHGA	1113
P10768	P10768	ESD	2098
P10809	P10809	HSPD1	3329
P10909	P10909	CLU	1191
P10997	P10997	IAPP	3375
P11021	P11021	HSPA5	3309
P11047	P11047	LAMC1	3915
P11117	P11117	ACP2	53
P11137	P11137	MAP2	4133
P11142	P11142	HSPA8	3312
P11166	P11166	SLC2A1	6513
P11171	P11171	EPB41	2035
P11172	P11172	UMPS	7372
P11177	P11177	PDHB	5162
P11182	P11182	DBT	1629
P11215	P11215	ITGAM	3684
P11216	P11216	PYGB	5834
P11233	P11233	RALA	5898
P11234	P11234	RALB	5899
P11274	P11274	BCR	613
P11277	P11277	SPTB	6710
P11279	P11279	LAMP1	3916
P11308	P11308	ERG	2078
P11310	P11310	ACADM	34
P11387	P11387	TOP1	7150
P11413	P11413	G6PD	2539
P11498	P11498	PC	5091
P11532	P11532	DMD	1756
P11586	P11586	MTHFD1	4522
P11717	P11717	IGF2R	3482
P11766	P11766	ADH5	128
P11802	P11802	CDK4	1019
P11908	P11908	PRPS2	5634
P11940	P11940	PABPC1	26986
P12004	P12004	PCNA	5111
P12035	P12035	KRT3	3850
P12074	P12074	COX6A1	1337
P12081	P12081	HARS1	3035
P12109	P12109	COL6A1	1291
P12110	P12110	COL6A2	1292
P12111	P12111	COL6A3	1293
P12235	P12235	SLC25A4	291
P12236	P12236	SLC25A6	293
P12268	P12268	IMPDH2	3615
P12270	P12270	TPR	7175
P12273	P12273	PIP	5304
P12277	P12277	CKB	1152
P12429	P12429	ANXA3	306
P12532	P12532	CKMT1A; CKMT1B	1159
P12694	P12694	BCKDHA	593
P12814	P12814	ACTN1	87
P12821	P12821	ACE	1636
P12830	P12830	CDH1	999
P12931	P12931	SRC	6714
P12955	P12955	PEPD	5184
P12956	P12956	XRCC6	2547
P13010	P13010	XRCC5	7520
P13051	P13051	UNG	7374
P13073	P13073	COX4I1	1327
P13284	P13284	IFI30	10437
P13473	P13473	LAMP2	3920
P13489	P13489	RNH1	6050
P13521	P13521	SCG2	7857
P13569	P13569	CFTR	1080
P13591	P13591	NCAM1	4684
P13611	P13611	VCAN	1462
P13639	P13639	EEF2	1938
P13645	P13645	KRT10	3858
P13647	P13647	KRT5	3852
P13667	P13667	PDIA4	9601
P13671	P13671	C6	729
P13674	P13674	P4HA1	5033
P13688	P13688	CEACAM1	634
P13693	P13693	TPT1	7178
P13716	P13716	ALAD	210
P13726	P13726	F3	2152
P13727	P13727	PRG2	5553
P13747	P13747	HLA-E	3133
P13762	P13762	HLA-DRB4	3126
P13796	P13796	LCP1	3936
P13797	P13797	PLS3	5358
P13798	P13798	APEH	327
P13804	P13804	ETFA	2108
P13807	P13807	GYS1	2997
P13861	P13861	PRKAR2A	5576
P13984	P13984	GTF2F2	2963
P13987	P13987	CD59	966
P14138	P14138	EDN3	1908
P14174	P14174	MIF	4282
P14209	P14209	CD99	4267
P14314	P14314	PRKCSH	5589
P14317	P14317	HCLS1	3059
P14324	P14324	FDPS	2224
P14384	P14384	CPM	1368
P14406	P14406	COX7A2	1347
P14543	P14543	NID1	4811
P14550	P14550	AKR1A1	10327
P14618	P14618	PKM	5315
P14621	P14621	ACYP2	98
P14625	P14625	HSP90B1	7184
P14649	P14649	MYL6B	140465
P14678	P14678	SNRPB	6628
P14735	P14735	IDE	3416
P14854	P14854	COX6B1	1340
P14859	P14859	POU2F1	5451
P14866	P14866	HNRNPL	3191
P14868	P14868	DARS1	1615
P14902	P14902	IDO1	3620
P14923	P14923	JUP	3728
P14927	P14927	UQCRB	7381
P15056	P15056	BRAF	673
P15085	P15085	CPA1	1357
P15086	P15086	CPB1	1360
P15088	P15088	CPA3	1359
P15090	P15090	FABP4	2167
P15104	P15104	GLUL	2752
P15121	P15121	AKR1B1	231
P15144	P15144	ANPEP	290
P15151	P15151	PVR	5817
P15170	P15170	GSPT1	2935
P15289	P15289	ARSA	410
P15309	P15309	ACP3	55
P15311	P15311	EZR	7430
P15336	P15336	ATF2	1386
P15374	P15374	UCHL3	7347
P15502	P15502	ELN	2006
P15529	P15529	CD46	4179
P15531	P15531	NME1	4830
P15559	P15559	NQO1	1728
P15586	P15586	GNS	2799
P15735	P15735	PHKG2	5261
P15848	P15848	ARSB	411
P15880	P15880	RPS2	6187
P15882	P15882	CHN1	1123
P15924	P15924	DSP	1832
P15927	P15927	RPA2	6118
P15941	P15941	MUC1	4582
P15954	P15954	COX7C	1350
P16035	P16035	TIMP2	7077
P16070	P16070	CD44	960
P16104	P16104	H2AX	3014
P16144	P16144	ITGB4	3691
P16152	P16152	CBR1	873
P16157	P16157	ANK1	286
P16219	P16219	ACADS	35
P16220	P16220	CREB1	1385
P16233	P16233	PNLIP	5406
P16234	P16234	PDGFRA	5156
P16278	P16278	GLB1	2720
P16284	P16284	PECAM1	5175
P16298	P16298	PPP3CB	5532
P16333	P16333	NCK1	4690
P16389	P16389	KCNA2	3737
P16401	P16401	H1-5	3009
P16403	P16403	H1-2	3006
P16422	P16422	EPCAM	4072
P16435	P16435	POR	5447
P16444	P16444	DPEP1	1800
P16452	P16452	EPB42	2038
P16455	P16455	MGMT	4255
P16519	P16519	PCSK2	5126
P16615	P16615	ATP2A2	488
P16671	P16671	CD36	948
P16870	P16870	CPE	1363
P16885	P16885	PLCG2	5336
P16930	P16930	FAH	2184
P16949	P16949	STMN1	3925
P16989	P16989	YBX3	8531
P17026	P17026	ZNF22	7570
P17028	P17028	ZNF24	7572
P17029	P17029	ZKSCAN1	7586
P17050	P17050	NAGA	4668
P17066	P17066	HSPA6	3310
P17096	P17096	HMGA1	3159
P17152	P17152	TMEM11	8834
P17174	P17174	GOT1	2805
P17252	P17252	PRKCA	5578
P17301	P17301	ITGA2	3673
P17405	P17405	SMPD1	6609
P17480	P17480	UBTF	7343
P17535	P17535	JUND	3727
P17538	P17538	CTRB1	1504
P17540	P17540	CKMT2	1160
P17544	P17544	ATF7	11016
P17568	P17568	NDUFB7	4713
P17600	P17600	SYN1	6853
P17612	P17612	PRKACA	5566
P17655	P17655	CAPN2	824
P17677	P17677	GAP43	2596
P17812	P17812	CTPS1	1503
P17813	P17813	ENG	2022
P17844	P17844	DDX5	1655
P17858	P17858	PFKL	5211
P17900	P17900	GM2A	2760
P17931	P17931	LGALS3	3958
P17980	P17980	PSMC3	5702
P17987	P17987	TCP1	6950
P18031	P18031	PTPN1	5770
P18065	P18065	IGFBP2	3485
P18074	P18074	ERCC2	2068
P18077	P18077	RPL35A	6165
P18084	P18084	ITGB5	3693
P18085	P18085	ARF4	378
P18124	P18124	RPL7	6129
P18206	P18206	VCL	7414
P18428	P18428	LBP	3929
P18440	P18440	NAT1	9
P18509	P18509	ADCYAP1	116
P18583	P18583	SON	6651
P18615	P18615	NELFE	7936
P18621	P18621	RPL17	6139
P18669	P18669	PGAM1	5223
P18754	P18754	RCC1	1104
P18859	P18859	ATP5PF	522
P18887	P18887	XRCC1	7515
P19012	P19012	KRT15	3866
P19013	P19013	KRT4	3851
P19021	P19021	PAM	5066
P19022	P19022	CDH2	1000
P19075	P19075	TSPAN8	7103
P19086	P19086	GNAZ	2781
P19174	P19174	PLCG1	5335
P19320	P19320	VCAM1	7412
P19338	P19338	NCL	4691
P19367	P19367	HK1	3098
P19387	P19387	POLR2C	5432
P19388	P19388	POLR2E	5434
P19404	P19404	NDUFV2	4729
P19440	P19440	GGT1	2678
P19447	P19447	ERCC3	2071
P19474	P19474	TRIM21	6737
P19484	P19484	TFEB	7942
P19525	P19525	EIF2AK2	5610
P19623	P19623	SRM	6723
P19652	P19652	ORM2	5005
P19784	P19784	CSNK2A2	1459
P19793	P19793	RXRA	6256
P19823	P19823	ITIH2	3698
P19827	P19827	ITIH1	3697
P19835	P19835	CEL	1056
P19838	P19838	NFKB1	4790
P19961	P19961	AMY2B	280
P19971	P19971	TYMP	1890
P20020	P20020	ATP2B1	490
P20036	P20036	HLA-DPA1	3113
P20042	P20042	EIF2S2	8894
P20062	P20062	TCN2	6948
P20073	P20073	ANXA7	310
P20231	P20231	TPSB2	64499
P20290	P20290	BTF3	689
P20292	P20292	ALOX5AP	241
P20336	P20336	RAB3A	5864
P20337	P20337	RAB3B	5865
P20338	P20338	RAB4A	5867
P20339	P20339	RAB5A	5868
P20340	P20340	RAB6A	5870
P20585	P20585	MSH3	4437
P20591	P20591	MX1	4599
P20618	P20618	PSMB1	5689
P20645	P20645	M6PR	4074
P20674	P20674	COX5A	9377
P20700	P20700	LMNB1	4001
P20711	P20711	DDC	1644
P20774	P20774	OGN	4969
P20810	P20810	CAST	831
P20908	P20908	COL5A1	1289
P20930	P20930	FLG	2312
P20936	P20936	RASA1	5921
P20962	P20962	PTMS	5763
P21127	P21127	CDK11B	984
P21266	P21266	GSTM3	2947
P21281	P21281	ATP6V1B2	526
P21283	P21283	ATP6V1C1	528
P21291	P21291	CSRP1	1465
P21333	P21333	FLNA	2316
P21359	P21359	NF1	4763
P21397	P21397	MAOA	4128
P21399	P21399	ACO1	48
P21579	P21579	SYT1	6857
P21589	P21589	NT5E	4907
P21695	P21695	GPD1	2819
P21796	P21796	VDAC1	7416
P21810	P21810	BGN	633
P21912	P21912	SDHB	6390
P21926	P21926	CD9	928
P21953	P21953	BCKDHB	594
P21964	P21964	COMT	1312
P21980	P21980	TGM2	7052
P22033	P22033	MMUT	4594
P22059	P22059	OSBP	5007
P22061	P22061	PCMT1	5110
P22087	P22087	FBL	2091
P22090	P22090	RPS4Y1	6192
P22102	P22102	GART	2618
P22105	P22105	TNXB	7148
P22234	P22234	PAICS	10606
P22307	P22307	SCP2	6342
P22314	P22314	UBA1	7317
P22352	P22352	GPX3	2878
P22392	P22392	NME2	4831
P22413	P22413	ENPP1	5167
P22528	P22528	SPRR1B	6699
P22570	P22570	FDXR	2232
P22626	P22626	HNRNPA2B1	3181
P22670	P22670	RFX1	5989
P22694	P22694	PRKACB	5567
P22695	P22695	UQCRC2	7385
P22735	P22735	TGM1	7051
P22748	P22748	CA4	762
P22830	P22830	FECH	2235
P23025	P23025	XPA	7507
P23141	P23141	CES1	1066
P23142	P23142	FBLN1	2192
P23193	P23193	TCEA1	6917
P23229	P23229	ITGA6	3655
P23246	P23246	SFPQ	6421
P23258	P23258	TUBG1	7283
P23284	P23284	PPIB	5479
P23368	P23368	ME2	4200
P23381	P23381	WARS1	7453
P23396	P23396	RPS3	6188
P23434	P23434	GCSH	2653
P23490	P23490	LORICRIN	4014
P23497	P23497	SP100	6672
P23508	P23508	MCC	4163
P23526	P23526	AHCY	191
P23528	P23528	CFL1	1072
P23588	P23588	EIF4B	1975
P23610	P23610	F8A1; F8A2; F8A3	8263
P23634	P23634	ATP2B4	493
P23786	P23786	CPT2	1376
P23919	P23919	DTYMK	1841
P23946	P23946	CMA1	1215
P24043	P24043	LAMA2	3908
P24158	P24158	PRTN3	5657
P24310	P24310	COX7A1	1346
P24386	P24386	CHM	1121
P24534	P24534	EEF1B2	1933
P24539	P24539	ATP5PB	515
P24593	P24593	IGFBP5	3488
P24666	P24666	ACP1	52
P24752	P24752	ACAT1	38
P24821	P24821	TNC	3371
P24844	P24844	MYL9	10398
P24928	P24928	POLR2A	5430
P25098	P25098	GRK2	156
P25208	P25208	NFYB	4801
P25311	P25311	AZGP1	563
P25325	P25325	MPST	4357
P25398	P25398	RPS12	6206
P25440	P25440	BRD2	6046
P25490	P25490	YY1	7528
P25685	P25685	DNAJB1	3337
P25686	P25686	DNAJB2	3300
P25705	P25705	ATP5F1A	498
P25786	P25786	PSMA1	5682
P25787	P25787	PSMA2	5683
P25788	P25788	PSMA3	5684
P25789	P25789	PSMA4	5685
P25815	P25815	S100P	6286
P25940	P25940	COL5A3	50509
P25963	P25963	NFKBIA	4792
P26006	P26006	ITGA3	3675
P26022	P26022	PTX3	5806
P26038	P26038	MSN	4478
P26196	P26196	DDX6	1656
P26232	P26232	CTNNA2	1496
P26358	P26358	DNMT1	1786
P26367	P26367	PAX6	5080
P26368	P26368	U2AF2	11338
P26373	P26373	RPL13	6137
P26378	P26378	ELAVL4	1996
P26440	P26440	IVD	3712
P26447	P26447	S100A4	6275
P26572	P26572	MGAT1	4245
P26583	P26583	HMGB2	3148
P26599	P26599	PTBP1	5725
P26639	P26639	TARS1	6897
P26640	P26640	VARS1	7407
P26641	P26641	EEF1G	1937
P26885	P26885	FKBP2	2286
P27105	P27105	STOM	2040
P27144	P27144	AK4	205
P27338	P27338	MAOB	4129
P27348	P27348	YWHAQ	10971
P27361	P27361	MAPK3	5595
P27448	P27448	MARK3	4140
P27449	P27449	ATP6V0C	527
P27482	P27482	CALML3	810
P27487	P27487	DPP4	1803
P27635	P27635	RPL10	6134
P27694	P27694	RPA1	6117
P27695	P27695	APEX1	328
P27701	P27701	CD82	3732
P27707	P27707	DCK	1633
P27708	P27708	CAD	790
P27797	P27797	CALR	811
P27816	P27816	MAP4	4134
P27824	P27824	CANX	821
P27986	P27986	PIK3R1	5295
P28062	P28062	PSMB8	5696
P28065	P28065	PSMB9	5698
P28066	P28066	PSMA5	5686
P28070	P28070	PSMB4	5692
P28072	P28072	PSMB6	5694
P28074	P28074	PSMB5	5693
P28161	P28161	GSTM2	2946
P28288	P28288	ABCD3	5825
P28289	P28289	TMOD1	7111
P28331	P28331	NDUFS1	4719
P28340	P28340	POLD1	5424
P28370	P28370	SMARCA1	6594
P28482	P28482	MAPK1	5594
P28676	P28676	GCA	25801
P28702	P28702	RXRB	6257
P28799	P28799	GRN	2896
P28838	P28838	LAP3	51056
P28906	P28906	CD34	947
P29084	P29084	GTF2E2	2961
P29120	P29120	PCSK1	5122
P29144	P29144	TPP2	7174
P29218	P29218	IMPA1	3612
P29350	P29350	PTPN6	5777
P29353	P29353	SHC1	6464
P29372	P29372	MPG	4350
P29375	P29375	KDM5A	5927
P29401	P29401	TKT	7086
P29508	P29508	SERPINB3	6317
P29590	P29590	PML	5371
P29622	P29622	SERPINA4	5267
P29692	P29692	EEF1D	1936
P29966	P29966	MARCKS	4082
P29972	P29972	AQP1	358
P29992	P29992	GNA11	2767
P30038	P30038	ALDH4A1	8659
P30039	P30039	PBLD	64081
P30040	P30040	ERP29	10961
P30041	P30041	PRDX6	9588
P30043	P30043	BLVRB	645
P30044	P30044	PRDX5	25824
P30046	P30046	DDT	1652
P30048	P30048	PRDX3	10935
P30049	P30049	ATP5F1D	513
P30050	P30050	RPL12	6136
P30084	P30084	ECHS1	1892
P30085	P30085	CMPK1	51727
P30086	P30086	PEBP1	5037
P30101	P30101	PDIA3	2923
P30153	P30153	PPP2R1A	5518
P30260	P30260	CDC27	996
P30273	P30273	FCER1G	2207
P30405	P30405	PPIF	10105
P30419	P30419	NMT1	4836
P30519	P30519	HMOX2	3163
P30520	P30520	ADSS2	159
P30533	P30533	LRPAP1	4043
P30536	P30536	TSPO	706
P30566	P30566	ADSL	158
P30613	P30613	PKLR	5313
P30622	P30622	CLIP1	6249
P30626	P30626	SRI	6717
P30711	P30711	GSTT1	2952
P30740	P30740	SERPINB1	1992
P30793	P30793	GCH1	2643
P30837	P30837	ALDH1B1	219
P30874	P30874	SSTR2	6752
P30876	P30876	POLR2B	5431
P31025	P31025	LCN1	3933
P31040	P31040	SDHA	6389
P31146	P31146	CORO1A	11151
P31150	P31150	GDI1	2664
P31151	P31151	S100A7	6278
P31153	P31153	MAT2A	4144
P31323	P31323	PRKAR2B	5577
P31431	P31431	SDC4	6385
P31483	P31483	TIA1	7072
P31689	P31689	DNAJA1	3301
P31749	P31749	AKT1	207
P31751	P31751	AKT2	208
P31930	P31930	UQCRC1	7384
P31937	P31937	HIBADH	11112
P31939	P31939	ATIC	471
P31942	P31942	HNRNPH3	3189
P31943	P31943	HNRNPH1	3187
P31944	P31944	CASP14	23581
P31946	P31946	YWHAB	7529
P31948	P31948	STIP1	10963
P31949	P31949	S100A11	6282
P32004	P32004	L1CAM	3897
P32119	P32119	PRDX2	7001
P32189	P32189	GK	2710
P32321	P32321	DCTD	1635
P32322	P32322	PYCR1	5831
P32455	P32455	GBP1	2633
P32456	P32456	GBP2	2634
P32519	P32519	ELF1	1997
P32856	P32856	STX2	2054
P32929	P32929	CTH	1491
P32969	P32969	RPL9; RPL9P7; RPL9P8; RPL9P9	6133
P33121	P33121	ACSL1	2180
P33151	P33151	CDH5	1003
P33176	P33176	KIF5B	3799
P33240	P33240	CSTF2	1478
P33241	P33241	LSP1	4046
P33316	P33316	DUT	1854
P33402	P33402	GUCY1A2	2977
P33527	P33527	ABCC1	4363
P33897	P33897	ABCD1	215
P33908	P33908	MAN1A1	4121
P33947	P33947	KDELR2	11014
P33991	P33991	MCM4	4173
P34059	P34059	GALNS	2588
P34096	P34096	RNASE4	6038
P34741	P34741	SDC2	6383
P34897	P34897	SHMT2	6472
P34913	P34913	EPHX2	2053
P34931	P34931	HSPA1L	3305
P34932	P34932	HSPA4	3308
P34949	P34949	MPI	4351
P35030	P35030	PRSS3	5646
P35052	P35052	GPC1	2817
P35080	P35080	PFN2	5217
P35219	P35219	CA8	767
P35221	P35221	CTNNA1	1495
P35222	P35222	CTNNB1	1499
P35226	P35226	BMI1	648
P35232	P35232	PHB1	5245
P35237	P35237	SERPINB6	5269
P35241	P35241	RDX	5962
P35244	P35244	RPA3	6119
P35249	P35249	RFC4	5984
P35250	P35250	RFC2	5982
P35251	P35251	RFC1	5981
P35268	P35268	RPL22	6146
P35269	P35269	GTF2F1	2962
P35270	P35270	SPR	6697
P35318	P35318	ADM	133
P35354	P35354	PTGS2	5743
P35443	P35443	THBS4	7060
P35475	P35475	IDUA	3425
P35520	P35520	CBS	875
P35527	P35527	KRT9	3857
P35555	P35555	FBN1	2200
P35557	P35557	GCK	2645
P35573	P35573	AGL	178
P35579	P35579	MYH9	4627
P35580	P35580	MYH10	4628
P35606	P35606	COPB2	9276
P35610	P35610	SOAT1	6646
P35611	P35611	ADD1	118
P35612	P35612	ADD2	119
P35613	P35613	BSG	682
P35637	P35637	FUS	2521
P35658	P35658	NUP214	8021
P35659	P35659	DEK	7913
P35749	P35749	MYH11	4629
P35754	P35754	GLRX	2745
P35813	P35813	PPM1A	5494
P35908	P35908	KRT2	3849
P35914	P35914	HMGCL	3155
P35998	P35998	PSMC2	5701
P36269	P36269	GGT5	2687
P36404	P36404	ARL2	402
P36405	P36405	ARL3	403
P36507	P36507	MAP2K2	5605
P36542	P36542	ATP5F1C	509
P36543	P36543	ATP6V1E1	529
P36551	P36551	CPOX	1371
P36578	P36578	RPL4	6124
P36776	P36776	LONP1	9361
P36871	P36871	PGM1	5236
P36873	P36873	PPP1CC	5501
P36915	P36915	GNL1	2794
P36954	P36954	POLR2I	5438
P36955	P36955	SERPINF1	5176
P36957	P36957	DLST	1743
P36969	P36969	GPX4	2879
P37059	P37059	HSD17B2	3294
P37108	P37108	SRP14	6727
P37198	P37198	NUP62	23636
P37235	P37235	HPCAL1	3241
P37802	P37802	TAGLN2	8407
P37837	P37837	TALDO1	6888
P37840	P37840	SNCA	6622
P38117	P38117	ETFB	2109
P38159	P38159	RBMX	27316
P38398	P38398	BRCA1	672
P38571	P38571	LIPA	3988
P38606	P38606	ATP6V1A	523
P38646	P38646	HSPA9	3313
P38919	P38919	EIF4A3	9775
P39019	P39019	RPS19	6223
P39023	P39023	RPL3	6122
P39059	P39059	COL15A1	1306
P39060	P39060	COL18A1	80781
P39656	P39656	DDOST	1650
P39687	P39687	ANP32A	8125
P39748	P39748	FEN1	2237
P39880	P39880	CUX1	NA
P40121	P40121	CAPG	822
P40123	P40123	CAP2	10486
P40189	P40189	IL6ST	3572
P40199	P40199	CEACAM6	4680
P40222	P40222	TXLNA	200081
P40227	P40227	CCT6A	908
P40261	P40261	NNMT	4837
P40306	P40306	PSMB10	5699
P40313	P40313	CTRL	1506
P40424	P40424	PBX1	5087
P40425	P40425	PBX2	5089
P40429	P40429	RPL13A	23521
P40616	P40616	ARL1	400
P40692	P40692	MLH1	4292
P40763	P40763	STAT3	6774
P40818	P40818	USP8	9101
P40855	P40855	PEX19	5824
P40925	P40925	MDH1	4190
P40926	P40926	MDH2	4191
P40937	P40937	RFC5	5985
P40938	P40938	RFC3	5983
P40939	P40939	HADHA	3030
P41091	P41091	EIF2S3	1968
P41180	P41180	CASR	846
P41208	P41208	CETN2	1069
P41214	P41214	EIF2D	1939
P41217	P41217	CD200	4345
P41218	P41218	MNDA	4332
P41219	P41219	PRPH	5630
P41223	P41223	BUD31	8896
P41226	P41226	UBA7	7318
P41227	P41227	NAA10	8260
P41236	P41236	PPP1R2	5504
P41240	P41240	CSK	1445
P41250	P41250	GARS1	2617
P41252	P41252	IARS1	3376
P41567	P41567	EIF1	10209
P41732	P41732	TSPAN7	7102
P42025	P42025	ACTR1B	10120
P42126	P42126	ECI1	1632
P42166	P42166	TMPO	NA
P42167	P42167	TMPO	NA
P42224	P42224	STAT1	6772
P42226	P42226	STAT6	6778
P42229	P42229	STAT5A	6776
P42285	P42285	MTREX	23517
P42330	P42330	AKR1C3	8644
P42338	P42338	PIK3CB	5291
P42345	P42345	MTOR	2475
P42356	P42356	PI4KA	5297
P42357	P42357	HAL	3034
P42566	P42566	EPS15	2060
P42574	P42574	CASP3	836
P42677	P42677	RPS27	6232
P42685	P42685	FRK	2444
P42704	P42704	LRPPRC	10128
P42765	P42765	ACAA2	10449
P42766	P42766	RPL35	11224
P42773	P42773	CDKN2C	1031
P42785	P42785	PRCP	5547
P42858	P42858	HTT	3064
P42892	P42892	ECE1	1889
P42898	P42898	MTHFR	4524
P43007	P43007	SLC1A4	6509
P43034	P43034	PAFAH1B1	5048
P43121	P43121	MCAM	4162
P43155	P43155	CRAT	1384
P43243	P43243	MATR3	9782
P43246	P43246	MSH2	4436
P43304	P43304	GPD2	2820
P43307	P43307	SSR1	6745
P43308	P43308	SSR2	6746
P43378	P43378	PTPN9	5780
P43405	P43405	SYK	6850
P43487	P43487	RANBP1	5902
P43490	P43490	NAMPT	10135
P43686	P43686	PSMC4	5704
P43897	P43897	TSFM	10102
P45877	P45877	PPIC	5480
P45880	P45880	VDAC2	7417
P45954	P45954	ACADSB	36
P45973	P45973	CBX5	23468
P45974	P45974	USP5	8078
P45984	P45984	MAPK9	5601
P45985	P45985	MAP2K4	6416
P46019	P46019	PHKA2	5256
P46020	P46020	PHKA1	5255
P46060	P46060	RANGAP1	5905
P46063	P46063	RECQL	5965
P46087	P46087	NOP2	4839
P46100	P46100	ATRX	546
P46108	P46108	CRK	1398
P46109	P46109	CRKL	1399
P46199	P46199	MTIF2	4528
P46379	P46379	BAG6	7917
P46459	P46459	NSF	4905
P46527	P46527	CDKN1B	1027
P46734	P46734	MAP2K3	5606
P46736	P46736	BRCC3	79184
P46776	P46776	RPL27A	6157
P46777	P46777	RPL5	6125
P46778	P46778	RPL21	6144
P46779	P46779	RPL28	6158
P46781	P46781	RPS9	6203
P46782	P46782	RPS5	6193
P46783	P46783	RPS10	6204
P46821	P46821	MAP1B	4131
P46926	P46926	GNPDA1	10007
P46939	P46939	UTRN	7402
P46940	P46940	IQGAP1	8826
P46952	P46952	HAAO	23498
P46976	P46976	GYG1	2992
P46977	P46977	STT3A	3703
P47712	P47712	PLA2G4A	5321
P47736	P47736	RAP1GAP	5909
P47755	P47755	CAPZA2	830
P47756	P47756	CAPZB	832
P47897	P47897	QARS1	5859
P47914	P47914	RPL29	6159
P47929	P47929	LGALS7; LGALS7B	3963
P47972	P47972	NPTX2	4885
P47985	P47985	UQCRFS1	7386
P48047	P48047	ATP5PO	539
P48051	P48051	KCNJ6	3763
P48052	P48052	CPA2	1358
P48059	P48059	LIMS1	3987
P48061	P48061	CXCL12	6387
P48147	P48147	PREP	5550
P48163	P48163	ME1	4199
P48304	P48304	REG1B	5968
P48380	P48380	RFX3	5991
P48426	P48426	PIP4K2A	5305
P48444	P48444	ARCN1	372
P48449	P48449	LSS	4047
P48454	P48454	PPP3CC	5533
P48506	P48506	GCLC	2729
P48507	P48507	GCLM	2730
P48509	P48509	CD151	977
P48539	P48539	PCP4	5121
P48553	P48553	TRAPPC10	7109
P48556	P48556	PSMD8	5714
P48634	P48634	PRRC2A	7916
P48637	P48637	GSS	2937
P48643	P48643	CCT5	22948
P48668	P48668	KRT6C	286887
P48681	P48681	NES	10763
P48723	P48723	HSPA13	6782
P48728	P48728	AMT	275
P48729	P48729	CSNK1A1	1452
P48730	P48730	CSNK1D	1453
P48735	P48735	IDH2	3418
P48739	P48739	PITPNB	23760
P49005	P49005	POLD2	5425
P49006	P49006	MARCKSL1	65108
P49023	P49023	PXN	5829
P49069	P49069	CAMLG	819
P49116	P49116	NR2C2	7182
P49184	P49184	DNASE1L1	1774
P49189	P49189	ALDH9A1	223
P49207	P49207	RPL34	6164
P49247	P49247	RPIA	22934
P49257	P49257	LMAN1	3998
P49321	P49321	NASP	4678
P49326	P49326	FMO5	2330
P49327	P49327	FASN	2194
P49354	P49354	FNTA	2339
P49368	P49368	CCT3	7203
P49406	P49406	MRPL19	9801
P49407	P49407	ARRB1	408
P49411	P49411	TUFM	7284
P49418	P49418	AMPH	273
P49419	P49419	ALDH7A1	501
P49441	P49441	INPP1	3628
P49447	P49447	CYB561	1534
P49448	P49448	GLUD2	2747
P49458	P49458	SRP9	6726
P49459	P49459	UBE2A	7319
P49585	P49585	PCYT1A	5130
P49588	P49588	AARS1	16
P49589	P49589	CARS1	833
P49590	P49590	HARS2	23438
P49591	P49591	SARS1	6301
P49593	P49593	PPM1F	9647
P49641	P49641	MAN2A2	4122
P49711	P49711	CTCF	10664
P49720	P49720	PSMB3	5691
P49721	P49721	PSMB2	5690
P49748	P49748	ACADVL	37
P49750	P49750	YLPM1	56252
P49753	P49753	ACOT2	10965
P49755	P49755	TMED10	10972
P49756	P49756	RBM25	58517
P49759	P49759	CLK1	1195
P49768	P49768	PSEN1	5663
P49770	P49770	EIF2B2	8892
P49773	P49773	HINT1	3094
P49789	P49789	FHIT	2272
P49790	P49790	NUP153	9972
P49792	P49792	RANBP2	5903
P49810	P49810	PSEN2	5664
P49815	P49815	TSC2	7249
P49821	P49821	NDUFV1	4723
P49840	P49840	GSK3A	2931
P49841	P49841	GSK3B	2932
P49862	P49862	KLK7	5650
P49863	P49863	GZMK	3003
P49902	P49902	NT5C2	22978
P49903	P49903	SEPHS1	22929
P49914	P49914	MTHFS	10588
P49915	P49915	GMPS	8833
P49916	P49916	LIG3	3980
P49918	P49918	CDKN1C	1028
P49959	P49959	MRE11	4361
P49961	P49961	ENTPD1	953
P50135	P50135	HNMT	3176
P50148	P50148	GNAQ	2776
P50150	P50150	GNG4	2786
P50213	P50213	IDH3A	3419
P50225	P50225	SULT1A1	6817
P50238	P50238	CRIP1	1396
P50336	P50336	PPOX	5498
P50395	P50395	GDI2	2665
P50402	P50402	EMD	2010
P50416	P50416	CPT1A	1374
P50440	P50440	GATM	2628
P50452	P50452	SERPINB8	5271
P50453	P50453	SERPINB9	5272
P50454	P50454	SERPINH1	871
P50479	P50479	PDLIM4	8572
P50502	P50502	ST13	6767
P50542	P50542	PEX5	5830
P50552	P50552	VASP	7408
P50570	P50570	DNM2	1785
P50579	P50579	METAP2	10988
P50583	P50583	NUDT2	318
P50747	P50747	HLCS	3141
P50750	P50750	CDK9	1025
P50851	P50851	LRBA	987
P50895	P50895	BCAM	4059
P50897	P50897	PPT1	5538
P50914	P50914	RPL14	9045
P50990	P50990	CCT8	10694
P50991	P50991	CCT4	10575
P50995	P50995	ANXA11	311
P51003	P51003	PAPOLA	10914
P51114	P51114	FXR1	8087
P51116	P51116	FXR2	9513
P51148	P51148	RAB5C	5878
P51149	P51149	RAB7A	7879
P51151	P51151	RAB9A	9367
P51153	P51153	RAB13	5872
P51159	P51159	RAB27A	5873
P51397	P51397	DAP	1611
P51398	P51398	DAP3	7818
P51452	P51452	DUSP3	1845
P51531	P51531	SMARCA2	6595
P51532	P51532	SMARCA4	6597
P51553	P51553	IDH3G	3421
P51570	P51570	GALK1	2584
P51571	P51571	SSR4	6748
P51572	P51572	BCAP31	10134
P51580	P51580	TPMT	7172
P51608	P51608	MECP2	4204
P51610	P51610	HCFC1	3054
P51617	P51617	IRAK1	3654
P51648	P51648	ALDH3A2	224
P51649	P51649	ALDH5A1	7915
P51659	P51659	HSD17B4	3295
P51665	P51665	PSMD7	5713
P51687	P51687	SUOX	6821
P51688	P51688	SGSH	6448
P51689	P51689	ARSD	414
P51690	P51690	ARSL	415
P51692	P51692	STAT5B	6777
P51693	P51693	APLP1	333
P51784	P51784	USP11	8237
P51790	P51790	CLCN3	1182
P51808	P51808	DYNLT3	6990
P51809	P51809	VAMP7	6845
P51812	P51812	RPS6KA3	6197
P51843	P51843	NR0B1	190
P51858	P51858	HDGF	3068
P51884	P51884	LUM	4060
P51888	P51888	PRELP	5549
P51911	P51911	CNN1	1264
P51948	P51948	MNAT1	4331
P51957	P51957	NEK4	6787
P51970	P51970	NDUFA8	4702
P51991	P51991	HNRNPA3	220988
P52209	P52209	PGD	5226
P52272	P52272	HNRNPM	4670
P52292	P52292	KPNA2	3838
P52294	P52294	KPNA1	3836
P52298	P52298	NCBP2	22916
P52306	P52306	RAP1GDS1	5910
P52434	P52434	POLR2H	5437
P52435	P52435	POLR2J	5439
P52565	P52565	ARHGDIA	396
P52566	P52566	ARHGDIB	397
P52569	P52569	SLC7A2	6542
P52594	P52594	AGFG1	3267
P52597	P52597	HNRNPF	3185
P52630	P52630	STAT2	6773
P52655	P52655	GTF2A1	2957
P52657	P52657	GTF2A2	2958
P52701	P52701	MSH6	2956
P52735	P52735	VAV2	7410
P52756	P52756	RBM5	10181
P52758	P52758	RIDA	10247
P52788	P52788	SMS	6611
P52803	P52803	EFNA5	1946
P52815	P52815	MRPL12	6182
P52888	P52888	THOP1	7064
P52895	P52895	AKR1C2	1646
P52907	P52907	CAPZA1	829
P52943	P52943	CRIP2	1397
P52945	P52945	PDX1	3651
P52948	P52948	NUP98	4928
P53004	P53004	BLVRA	644
P53007	P53007	SLC25A1	6576
P53041	P53041	PPP5C	5536
P53355	P53355	DAPK1	1612
P53365	P53365	ARFIP2	23647
P53367	P53367	ARFIP1	27236
P53384	P53384	NUBP1	4682
P53396	P53396	ACLY	47
P53582	P53582	METAP1	23173
P53597	P53597	SUCLG1	8802
P53602	P53602	MVD	4597
P53609	P53609	PGGT1B	5229
P53611	P53611	RABGGTB	5876
P53618	P53618	COPB1	1315
P53621	P53621	COPA	1314
P53634	P53634	CTSC	1075
P53672	P53672	CRYBA2	1412
P53675	P53675	CLTCL1	8218
P53677	P53677	AP3M2	10947
P53680	P53680	AP2S1	1175
P53990	P53990	IST1	9798
P53992	P53992	SEC24C	9632
P53999	P53999	SUB1	10923
P54105	P54105	CLNS1A	1207
P54136	P54136	RARS1	5917
P54289	P54289	CACNA2D1	781
P54315	P54315	PNLIPRP1	5407
P54317	P54317	PNLIPRP2	5408
P54577	P54577	YARS1	8565
P54578	P54578	USP14	9097
P54619	P54619	PRKAG1	5571
P54652	P54652	HSPA2	3306
P54687	P54687	BCAT1	586
P54709	P54709	ATP1B3	483
P54710	P54710	FXYD2	486
P54725	P54725	RAD23A	5886
P54727	P54727	RAD23B	5887
P54802	P54802	NAGLU	4669
P54803	P54803	GALC	2581
P54819	P54819	AK2	204
P54886	P54886	ALDH18A1	5832
P54920	P54920	NAPA	8775
P55001	P55001	MFAP2	4237
P55010	P55010	EIF5	1983
P55036	P55036	PSMD4	5710
P55039	P55039	DRG2	1819
P55060	P55060	CSE1L	1434
P55061	P55061	TMBIM6	7009
P55072	P55072	VCP	7415
P55081	P55081	MFAP1	4236
P55083	P55083	MFAP4	4239
P55084	P55084	HADHB	3032
P55145	P55145	MANF	7873
P55196	P55196	AFDN	4301
P55209	P55209	NAP1L1	4673
P55210	P55210	CASP7	840
P55212	P55212	CASP6	839
P55259	P55259	GP2	2813
P55263	P55263	ADK	132
P55265	P55265	ADAR	103
P55268	P55268	LAMB2	3913
P55285	P55285	CDH6	1004
P55290	P55290	CDH13	1012
P55327	P55327	TPD52	7163
P55347	P55347	PKNOX1	5316
P55735	P55735	SEC13	6396
P55769	P55769	SNU13	4809
P55786	P55786	NPEPPS	9520
P55789	P55789	GFER	2671
P55795	P55795	HNRNPH2	3188
P55809	P55809	OXCT1	5019
P55884	P55884	EIF3B	8662
P55899	P55899	FCGRT	2217
P55957	P55957	BID	637
P56134	P56134	ATP5MF	9551
P56181	P56181	NDUFV3	4731
P56182	P56182	RRP1	8568
P56192	P56192	MARS1	4141
P56199	P56199	ITGA1	3672
P56211	P56211	ARPP19	10776
P56377	P56377	AP1S2	8905
P56378	P56378	ATP5MJ	9556
P56381	P56381	ATP5F1E	514
P56385	P56385	ATP5ME	521
P56470	P56470	LGALS4	3960
P56524	P56524	HDAC4	9759
P56537	P56537	EIF6	3692
P56545	P56545	CTBP2	1488
P56556	P56556	NDUFA6	4700
P56589	P56589	PEX3	8504
P56937	P56937	HSD17B7	51478
P56945	P56945	BCAR1	9564
P57076	P57076	CFAP298	56683
P57088	P57088	TMEM33	55161
P57105	P57105	SYNJ2BP	55333
P57721	P57721	PCBP3	54039
P57735	P57735	RAB25	57111
P57737	P57737	CORO7	79585
P57740	P57740	NUP107	57122
P57764	P57764	GSDMD	79792
P57772	P57772	EEFSEC	60678
P58005	P58005	SESN3	143686
P58107	P58107	EPPK1	83481
P58499	P58499	FAM3B	54097
P58546	P58546	MTPN	136319
P58876	P58876	H2BC5	3017
P59665	P59665	DEFA1; DEFA1B	1667
P59768	P59768	GNG2	54331
P59780	P59780	AP3S2	10239
P59998	P59998	ARPC4	10093
P60033	P60033	CD81	975
P60174	P60174	TPI1	7167
P60228	P60228	EIF3E	3646
P60468	P60468	SEC61B	10952
P60484	P60484	PTEN	5728
P60510	P60510	PPP4C	5531
P60520	P60520	GABARAPL2	11345
P60660	P60660	MYL6	4637
P60709	P60709	ACTB	60
P60842	P60842	EIF4A1	1973
P60866	P60866	RPS20	6224
P60880	P60880	SNAP25	6616
P60891	P60891	PRPS1	5631
P60900	P60900	PSMA6	5687
P60903	P60903	S100A10	6281
P60953	P60953	CDC42	998
P60981	P60981	DSTN	11034
P60983	P60983	GMFB	2764
P61006	P61006	RAB8A	4218
P61009	P61009	SPCS3	60559
P61011	P61011	SRP54	6729
P61018	P61018	RAB4B	53916
P61019	P61019	RAB2A	5862
P61020	P61020	RAB5B	5869
P61026	P61026	RAB10	10890
P61077	P61077	UBE2D3	7323
P61081	P61081	UBE2M	9040
P61086	P61086	UBE2K	3093
P61088	P61088	UBE2N	7334
P61106	P61106	RAB14	51552
P61158	P61158	ACTR3	10096
P61160	P61160	ACTR2	10097
P61163	P61163	ACTR1A	10121
P61201	P61201	COPS2	9318
P61221	P61221	ABCE1	6059
P61224	P61224	RAP1B	5908
P61225	P61225	RAP2B	5912
P61244	P61244	MAX	4149
P61247	P61247	RPS3A	6189
P61254	P61254	RPL26	6154
P61278	P61278	SST	6750
P61289	P61289	PSME3	10197
P61313	P61313	RPL15	6138
P61353	P61353	RPL27	6155
P61421	P61421	ATP6V0D1	9114
P61457	P61457	PCBD1	5092
P61513	P61513	RPL37A	6168
P61586	P61586	RHOA	387
P61601	P61601	NCALD	83988
P61604	P61604	HSPE1	3336
P61619	P61619	SEC61A1	29927
P61626	P61626	LYZ	4069
P61758	P61758	VBP1	7411
P61764	P61764	STXBP1	6812
P61769	P61769	B2M	567
P61803	P61803	DAD1	1603
P61916	P61916	NPC2	10577
P61923	P61923	COPZ1	22818
P61927	P61927	RPL37	6167
P61956	P61956	SUMO2	6613
P61960	P61960	UFM1	51569
P61964	P61964	WDR5	11091
P61966	P61966	AP1S1	1174
P61970	P61970	NUTF2	10204
P61978	P61978	HNRNPK	3190
P61981	P61981	YWHAG	7532
P62070	P62070	RRAS2	22800
P62072	P62072	TIMM10	26519
P62081	P62081	RPS7	6201
P62136	P62136	PPP1CA	5499
P62140	P62140	PPP1CB	5500
P62191	P62191	PSMC1	5700
P62195	P62195	PSMC5	5705
P62241	P62241	RPS8	6202
P62244	P62244	RPS15A	6210
P62249	P62249	RPS16	6217
P62253	P62253	UBE2G1	7326
P62256	P62256	UBE2H	7328
P62258	P62258	YWHAE	7531
P62263	P62263	RPS14	6208
P62266	P62266	RPS23	6228
P62269	P62269	RPS18	6222
P62273	P62273	RPS29	6235
P62277	P62277	RPS13	6207
P62280	P62280	RPS11	6205
P62304	P62304	SNRPE	6635
P62306	P62306	SNRPF	6636
P62308	P62308	SNRPG	6637
P62310	P62310	LSM3	27258
P62312	P62312	LSM6	11157
P62314	P62314	SNRPD1	6632
P62316	P62316	SNRPD2	6633
P62318	P62318	SNRPD3	6634
P62328	P62328	TMSB4X	7114
P62330	P62330	ARF6	382
P62333	P62333	PSMC6	5706
P62424	P62424	RPL7A	6130
P62491	P62491	RAB11A	8766
P62495	P62495	ETF1	2107
P62633	P62633	CNBP	7555
P62701	P62701	RPS4X	6191
P62714	P62714	PPP2CB	5516
P62736	P62736	ACTA2	59
P62745	P62745	RHOB	388
P62750	P62750	RPL23A	6147
P62753	P62753	RPS6	6194
P62805	P62805	H4C1; H4C2; H4C3; H4C4; H4C5; H4C6; H4C8; H4C9; H4C11; H4C12; H4C13; H4C14; H4C15; H4C16	8294
P62820	P62820	RAB1A	5861
P62826	P62826	RAN	5901
P62829	P62829	RPL23	9349
P62841	P62841	RPS15	6209
P62847	P62847	RPS24	6229
P62851	P62851	RPS25	6230
P62854	P62854	RPS26	6231
P62857	P62857	RPS28	6234
P62861	P62861	FAU	2197
P62873	P62873	GNB1	2782
P62875	P62875	POLR2L	5441
P62877	P62877	RBX1	9978
P62879	P62879	GNB2	2783
P62888	P62888	RPL30	6156
P62891	P62891	RPL39	6170
P62899	P62899	RPL31	6160
P62906	P62906	RPL10A	4736
P62910	P62910	RPL32	6161
P62913	P62913	RPL11	6135
P62917	P62917	RPL8	6132
P62937	P62937	PPIA	5478
P62942	P62942	FKBP1A	2280
P62979	P62979	RPS27A	6233
P62993	P62993	GRB2	2885
P62995	P62995	TRA2B	6434
P63000	P63000	RAC1	5879
P63010	P63010	AP2B1	163
P63027	P63027	VAMP2	6844
P63096	P63096	GNAI1	2770
P63098	P63098	PPP3R1	5534
P63104	P63104	YWHAZ	7534
P63146	P63146	UBE2B	7320
P63151	P63151	PPP2R2A	5520
P63167	P63167	DYNLL1	8655
P63172	P63172	DYNLT1	6993
P63173	P63173	RPL38	6169
P63208	P63208	SKP1	6500
P63218	P63218	GNG5	2787
P63220	P63220	RPS21	6227
P63241	P63241	EIF5A	1984
P63244	P63244	RACK1	10399
P63261	P63261	ACTG1	71
P63272	P63272	SUPT4H1	6827
P63279	P63279	UBE2I	7329
P63313	P63313	TMSB10	9168
P67775	P67775	PPP2CA	5515
P67809	P67809	YBX1	4904
P67812	P67812	SEC11A	23478
P67870	P67870	CSNK2B	1460
P67936	P67936	TPM4	7171
P68036	P68036	UBE2L3	7332
P68104	P68104	EEF1A1	1915
P68363	P68363	TUBA1B	10376
P68366	P68366	TUBA4A	7277
P68371	P68371	TUBB4B	10383
P68400	P68400	CSNK2A1	1457
P68402	P68402	PAFAH1B2	5049
P68871	P68871	HBB	3043
P69849	P69849	NOMO3	408050
P69891	P69891	HBG1	3047
P69892	P69892	HBG2	3048
P69905	P69905	HBA1; HBA2	3039
P78318	P78318	IGBP1	3476
P78332	P78332	RBM6	10180
P78344	P78344	EIF4G2	1982
P78346	P78346	RPP30	10556
P78347	P78347	GTF2I	2969
P78352	P78352	DLG4	1742
P78356	P78356	PIP4K2B	8396
P78362	P78362	SRPK2	6733
P78371	P78371	CCT2	10576
P78406	P78406	RAE1	8480
P78410	P78410	BTN3A2	11118
P78417	P78417	GSTO1	9446
P78527	P78527	PRKDC	5591
P78537	P78537	BLOC1S1	2647
P78540	P78540	ARG2	384
P78549	P78549	NTHL1	4913
P78559	P78559	MAP1A	4130
P78560	P78560	CRADD	8738
P80303	P80303	NUCB2	4925
P80370	P80370	DLK1	8788
P80404	P80404	ABAT	18
P80511	P80511	S100A12	6283
P80723	P80723	BASP1	10409
P81605	P81605	DCD	117159
P82094	P82094	TMF1	7110
P82650	P82650	MRPS22	56945
P82663	P82663	MRPS25	64432
P82664	P82664	MRPS10	55173
P82673	P82673	MRPS35	60488
P82675	P82675	MRPS5	64969
P82909	P82909	KGD4	92259
P82912	P82912	MRPS11	64963
P82914	P82914	MRPS15	64960
P82930	P82930	MRPS34	65993
P82932	P82932	MRPS6	64968
P82933	P82933	MRPS9	64965
P82970	P82970	HMGN5	79366
P82979	P82979	SARNP	84324
P83111	P83111	LACTB	114294
P83436	P83436	COG7	91949
P83731	P83731	RPL24	6152
P83916	P83916	CBX1	10951
P84077	P84077	ARF1	375
P84085	P84085	ARF5	381
P84090	P84090	ERH	2079
P84095	P84095	RHOG	391
P84098	P84098	RPL19	6143
P84103	P84103	SRSF3	6428
P84157	P84157	MXRA7	439921
P84243	P84243	H3-3A; H3-3B	3020
P85037	P85037	FOXK1	221937
P86790	P86790	CCZ1B	51622
P98082	P98082	DAB2	1601
P98155	P98155	VLDLR	7436
P98160	P98160	HSPG2	3339
P98170	P98170	XIAP	331
P98172	P98172	EFNB1	1947
P98175	P98175	RBM10	8241
P98179	P98179	RBM3	5935
P98194	P98194	ATP2C1	27032
P99999	P99999	CYCS	54205
Q00013	Q00013	MPP1	4354
Q00059	Q00059	TFAM	7019
Q00169	Q00169	PITPNA	5306
Q00266	Q00266	MAT1A	4143
Q00325	Q00325	SLC25A3	5250
Q00341	Q00341	HDLBP	3069
Q00403	Q00403	GTF2B	2959
Q00535	Q00535	CDK5	1020
Q00536	Q00536	CDK16	5127
Q00577	Q00577	PURA	5813
Q00587	Q00587	CDC42EP1	11135
Q00610	Q00610	CLTC	1213
Q00613	Q00613	HSF1	3297
Q00688	Q00688	FKBP3	2287
Q00765	Q00765	REEP5	7905
Q00796	Q00796	SORD	6652
Q00839	Q00839	HNRNPU	3192
Q00978	Q00978	IRF9	10379
Q01081	Q01081	U2AF1	7307
Q01082	Q01082	SPTBN1	6711
Q01085	Q01085	TIAL1	7073
Q01101	Q01101	INSM1	3642
Q01105	Q01105	SET	6418
Q01130	Q01130	SRSF2	6427
Q01167	Q01167	FOXK2	3607
Q01415	Q01415	GALK2	2585
Q01433	Q01433	AMPD2	271
Q01469	Q01469	FABP5	2171
Q01484	Q01484	ANK2	287
Q01518	Q01518	CAP1	10487
Q01581	Q01581	HMGCS1	3157
Q01628	Q01628	IFITM3	10410
Q01650	Q01650	SLC7A5	8140
Q01658	Q01658	DR1	1810
Q01668	Q01668	CACNA1D	776
Q01740	Q01740	FMO1	2326
Q01780	Q01780	EXOSC10	5394
Q01804	Q01804	OTUD4	54726
Q01813	Q01813	PFKP	5214
Q01831	Q01831	XPC	7508
Q01844	Q01844	EWSR1	2130
Q01850	Q01850	CDR2	1039
Q01955	Q01955	COL4A3	1285
Q01968	Q01968	OCRL	4952
Q01970	Q01970	PLCB3	5331
Q01995	Q01995	TAGLN	6876
Q02040	Q02040	AKAP17A	8227
Q02083	Q02083	NAAA	27163
Q02108	Q02108	GUCY1A1	2982
Q02127	Q02127	DHODH	1723
Q02153	Q02153	GUCY1B1	2983
Q02156	Q02156	PRKCE	5581
Q02218	Q02218	OGDH	4967
Q02252	Q02252	ALDH6A1	4329
Q02318	Q02318	CYP27A1	1593
Q02338	Q02338	BDH1	622
Q02413	Q02413	DSG1	1828
Q02447	Q02447	SP3	6670
Q02487	Q02487	DSC2	1824
Q02543	Q02543	RPL18A	6142
Q02750	Q02750	MAP2K1	5604
Q02790	Q02790	FKBP4	2288
Q02809	Q02809	PLOD1	5351
Q02818	Q02818	NUCB1	4924
Q02878	Q02878	RPL6	6128
Q02880	Q02880	TOP2B	7155
Q02952	Q02952	AKAP12	9590
Q02978	Q02978	SLC25A11	8402
Q03001	Q03001	DST	667
Q03113	Q03113	GNA12	2768
Q03135	Q03135	CAV1	857
Q03167	Q03167	TGFBR3	7049
Q03169	Q03169	TNFAIP2	7127
Q03188	Q03188	CENPC	1060
Q03252	Q03252	LMNB2	84823
Q03393	Q03393	PTS	5805
Q03426	Q03426	MVK	4598
Q03518	Q03518	TAP1	6890
Q03519	Q03519	TAP2	6891
Q03701	Q03701	CEBPZ	10153
Q04206	Q04206	RELA	5970
Q04323	Q04323	UBXN1	51035
Q04446	Q04446	GBE1	2632
Q04637	Q04637	EIF4G1	1981
Q04656	Q04656	ATP7A	538
Q04695	Q04695	KRT17	3872
Q04725	Q04725	TLE2	7089
Q04760	Q04760	GLO1	2739
Q04837	Q04837	SSBP1	6742
Q04917	Q04917	YWHAH	7533
Q04941	Q04941	PLP2	5355
Q05048	Q05048	CSTF1	1477
Q05084	Q05084	ICA1	3382
Q05086	Q05086	UBE3A	7337
Q05193	Q05193	DNM1	1759
Q05209	Q05209	PTPN12	5782
Q05329	Q05329	GAD2	2572
Q05397	Q05397	PTK2	5747
Q05469	Q05469	LIPE	3991
Q05519	Q05519	SRSF11	9295
Q05639	Q05639	EEF1A2	1917
Q05655	Q05655	PRKCD	5580
Q05682	Q05682	CALD1	800
Q05707	Q05707	COL14A1	7373
Q05823	Q05823	RNASEL	6041
Q05932	Q05932	FPGS	2356
Q05940	Q05940	SLC18A2	6571
Q05BV3	Q05BV3	EML5	161436
Q06055	Q06055	ATP5MC2	517
Q06124	Q06124	PTPN11	5781
Q06136	Q06136	KDSR	2531
Q06141	Q06141	REG3A	5068
Q06203	Q06203	PPAT	5471
Q06210	Q06210	GFPT1	2673
Q06265	Q06265	EXOSC9	5393
Q06278	Q06278	AOX1	316
Q06323	Q06323	PSME1	5720
Q06330	Q06330	RBPJ	3516
Q06546	Q06546	GABPA	2551
Q06587	Q06587	RING1	6015
Q06787	Q06787	FMR1	2332
Q06828	Q06828	FMOD	2331
Q06830	Q06830	PRDX1	5052
Q07020	Q07020	RPL18	6141
Q07021	Q07021	C1QBP	708
Q07065	Q07065	CKAP4	10970
Q07075	Q07075	ENPEP	2028
Q07092	Q07092	COL16A1	1307
Q07157	Q07157	TJP1	7082
Q07325	Q07325	CXCL9	4283
Q07507	Q07507	DPT	1805
Q07666	Q07666	KHDRBS1	10657
Q07812	Q07812	BAX	581
Q07817	Q07817	BCL2L1	598
Q07866	Q07866	KLC1	3831
Q07954	Q07954	LRP1	4035
Q07955	Q07955	SRSF1	6426
Q07960	Q07960	ARHGAP1	392
Q08117	Q08117	TLE5	166
Q08170	Q08170	SRSF4	6429
Q08174	Q08174	PCDH1	5097
Q08188	Q08188	TGM3	7053
Q08209	Q08209	PPP3CA	5530
Q08211	Q08211	DHX9	1660
Q08257	Q08257	CRYZ	1429
Q08345	Q08345	DDR1	780
Q08357	Q08357	SLC20A2	6575
Q08378	Q08378	GOLGA3	2802
Q08379	Q08379	GOLGA2	2801
Q08380	Q08380	LGALS3BP	3959
Q08426	Q08426	EHHADH	1962
Q08431	Q08431	MFGE8	4240
Q08495	Q08495	DMTN	2039
Q08499	Q08499	PDE4D	5144
Q08554	Q08554	DSC1	1823
Q08623	Q08623	PUDP	8226
Q08722	Q08722	CD47	961
Q08752	Q08752	PPID	5481
Q08830	Q08830	FGL1	2267
Q08945	Q08945	SSRP1	6749
Q08AE8	Q08AE8	SPIRE1	56907
Q08AM6	Q08AM6	VAC14	55697
Q08J23	Q08J23	NSUN2	54888
Q09028	Q09028	RBBP4	5928
Q09161	Q09161	NCBP1	4686
Q09428	Q09428	ABCC8	6833
Q09472	Q09472	EP300	2033
Q09666	Q09666	AHNAK	79026
Q0IIM8	Q0IIM8	TBC1D8B	54885
Q0JRZ9	Q0JRZ9	FCHO2	115548
Q0PNE2	Q0PNE2	ELP6	54859
Q0VAF6	Q0VAF6	SYCN	342898
Q0VDF9	Q0VDF9	HSPA14	51182
Q0VDG4	Q0VDG4	SCRN3	79634
Q0VF96	Q0VF96	CGNL1	84952
Q0VG06	Q0VG06	FAAP100	80233
Q0VGL1	Q0VGL1	LAMTOR4	389541
Q0ZGT2	Q0ZGT2	NEXN	91624
Q10471	Q10471	GALNT2	2590
Q10472	Q10472	GALNT1	2589
Q10567	Q10567	AP1B1	162
Q10570	Q10570	CPSF1	29894
Q10588	Q10588	BST1	683
Q10589	Q10589	BST2	684
Q10713	Q10713	PMPCA	23203
Q11201	Q11201	ST3GAL1	6482
Q12756	Q12756	KIF1A	547
Q12765	Q12765	SCRN1	9805
Q12768	Q12768	WASHC5	9897
Q12769	Q12769	NUP160	23279
Q12774	Q12774	ARHGEF5	7984
Q12788	Q12788	TBL3	10607
Q12789	Q12789	GTF3C1	2975
Q12792	Q12792	TWF1	5756
Q12797	Q12797	ASPH	444
Q12800	Q12800	TFCP2	7024
Q12802	Q12802	AKAP13	11214
Q12805	Q12805	EFEMP1	2202
Q12824	Q12824	SMARCB1	6598
Q12830	Q12830	BPTF	2186
Q12840	Q12840	KIF5A	3798
Q12846	Q12846	STX4	6810
Q12849	Q12849	GRSF1	2926
Q12851	Q12851	MAP4K2	5871
Q12860	Q12860	CNTN1	1272
Q12872	Q12872	SFSWAP	6433
Q12873	Q12873	CHD3	1107
Q12874	Q12874	SF3A3	10946
Q12884	Q12884	FAP	2191
Q12888	Q12888	TP53BP1	7158
Q12891	Q12891	HYAL2	8692
Q12893	Q12893	TMEM115	11070
Q12904	Q12904	AIMP1	9255
Q12905	Q12905	ILF2	3608
Q12906	Q12906	ILF3	3609
Q12907	Q12907	LMAN2	10960
Q12913	Q12913	PTPRJ	5795
Q12929	Q12929	EPS8	2059
Q12931	Q12931	TRAP1	10131
Q12933	Q12933	TRAF2	7186
Q12955	Q12955	ANK3	288
Q12959	Q12959	DLG1	1739
Q12972	Q12972	PPP1R8	5511
Q12974	Q12974	PTP4A2	8073
Q12979	Q12979	ABR	29
Q12981	Q12981	BNIP1	662
Q12996	Q12996	CSTF3	1479
Q13009	Q13009	TIAM1	7074
Q13011	Q13011	ECH1	1891
Q13017	Q13017	ARHGAP5	394
Q13033	Q13033	STRN3	29966
Q13042	Q13042	CDC16	8881
Q13043	Q13043	STK4	6789
Q13045	Q13045	FLII	2314
Q13057	Q13057	COASY	80347
Q13084	Q13084	MRPL28	10573
Q13085	Q13085	ACACA	31
Q13087	Q13087	PDIA2	64714
Q13098	Q13098	GPS1	2873
Q13107	Q13107	USP4	7375
Q13114	Q13114	TRAF3	7187
Q13123	Q13123	IK	3550
Q13126	Q13126	MTAP	4507
Q13131	Q13131	PRKAA1	5562
Q13136	Q13136	PPFIA1	8500
Q13137	Q13137	CALCOCO2	10241
Q13144	Q13144	EIF2B5	8893
Q13148	Q13148	TARDBP	23435
Q13151	Q13151	HNRNPA0	10949
Q13153	Q13153	PAK1	5058
Q13155	Q13155	AIMP2	7965
Q13158	Q13158	FADD	8772
Q13162	Q13162	PRDX4	10549
Q13177	Q13177	PAK2	5062
Q13185	Q13185	CBX3	11335
Q13188	Q13188	STK3	6788
Q13190	Q13190	STX5	6811
Q13200	Q13200	PSMD2	5708
Q13201	Q13201	MMRN1	22915
Q13206	Q13206	DDX10	1662
Q13217	Q13217	DNAJC3	5611
Q13228	Q13228	SELENBP1	8991
Q13232	Q13232	NME3	4832
Q13242	Q13242	SRSF9	8683
Q13243	Q13243	SRSF5	6430
Q13247	Q13247	SRSF6	6431
Q13263	Q13263	TRIM28	10155
Q13277	Q13277	STX3	6809
Q13283	Q13283	G3BP1	10146
Q13287	Q13287	NMI	9111
Q13308	Q13308	PTK7	5754
Q13310	Q13310	PABPC4	8761
Q13315	Q13315	ATM	472
Q13322	Q13322	GRB10	2887
Q13325	Q13325	IFIT5	24138
Q13330	Q13330	MTA1	9112
Q13332	Q13332	PTPRS	5802
Q13347	Q13347	EIF3I	8668
Q13361	Q13361	MFAP5	8076
Q13362	Q13362	PPP2R5C	5527
Q13363	Q13363	CTBP1	1487
Q13367	Q13367	AP3B2	8120
Q13370	Q13370	PDE3B	5140
Q13393	Q13393	PLD1	5337
Q13404	Q13404	UBE2V1	7335
Q13405	Q13405	MRPL49	740
Q13409	Q13409	DYNC1I2	1781
Q13418	Q13418	ILK	3611
Q13423	Q13423	NNT	23530
Q13424	Q13424	SNTA1	6640
Q13425	Q13425	SNTB2	6645
Q13426	Q13426	XRCC4	7518
Q13427	Q13427	PPIG	9360
Q13428	Q13428	TCOF1	6949
Q13435	Q13435	SF3B2	10992
Q13438	Q13438	OS9	10956
Q13439	Q13439	GOLGA4	2803
Q13442	Q13442	PDAP1	11333
Q13445	Q13445	TMED1	11018
Q13449	Q13449	LSAMP	4045
Q13451	Q13451	FKBP5	2289
Q13454	Q13454	TUSC3	7991
Q13459	Q13459	MYO9B	4650
Q13464	Q13464	ROCK1	6093
Q13485	Q13485	SMAD4	4089
Q13490	Q13490	BIRC2	329
Q13492	Q13492	PICALM	8301
Q13501	Q13501	SQSTM1	8878
Q13505	Q13505	MTX1	4580
Q13509	Q13509	TUBB3	10381
Q13510	Q13510	ASAH1	427
Q13522	Q13522	PPP1R1A	5502
Q13523	Q13523	PRP4K	8899
Q13526	Q13526	PIN1	5300
Q13541	Q13541	EIF4EBP1	1978
Q13542	Q13542	EIF4EBP2	1979
Q13546	Q13546	RIPK1	8737
Q13547	Q13547	HDAC1	3065
Q13554	Q13554	CAMK2B	816
Q13555	Q13555	CAMK2G	818
Q13557	Q13557	CAMK2D	817
Q13561	Q13561	DCTN2	10540
Q13564	Q13564	NAE1	8883
Q13572	Q13572	ITPK1	3705
Q13573	Q13573	SNW1	22938
Q13574	Q13574	DGKZ	8525
Q13576	Q13576	IQGAP2	10788
Q13586	Q13586	STIM1	6786
Q13595	Q13595	TRA2A	29896
Q13596	Q13596	SNX1	6642
Q13608	Q13608	PEX6	5190
Q13610	Q13610	PWP1	11137
Q13613	Q13613	MTMR1	8776
Q13615	Q13615	MTMR3	8897
Q13616	Q13616	CUL1	8454
Q13617	Q13617	CUL2	8453
Q13618	Q13618	CUL3	8452
Q13619	Q13619	CUL4A	8451
Q13620	Q13620	CUL4B	8450
Q13627	Q13627	DYRK1A	1859
Q13630	Q13630	GFUS	7264
Q13642	Q13642	FHL1	2273
Q13671	Q13671	RIN1	9610
Q13683	Q13683	ITGA7	3679
Q13685	Q13685	AAMP	14
Q13724	Q13724	MOGS	7841
Q13740	Q13740	ALCAM	214
Q13753	Q13753	LAMC2	3918
Q13769	Q13769	THOC5	8563
Q13796	Q13796	SHROOM2	357
Q13813	Q13813	SPTAN1	6709
Q13822	Q13822	ENPP2	5168
Q13823	Q13823	GNL2	29889
Q13825	Q13825	AUH	549
Q13835	Q13835	PKP1	5317
Q13838	Q13838	DDX39B	7919
Q13867	Q13867	BLMH	642
Q13868	Q13868	EXOSC2	23404
Q13873	Q13873	BMPR2	659
Q13884	Q13884	SNTB1	6641
Q13885	Q13885	TUBB2A	7280
Q13895	Q13895	BYSL	705
Q13907	Q13907	IDI1	3422
Q13938	Q13938	CAPS	828
Q13948	Q13948	CUX1	NA
Q13951	Q13951	CBFB	865
Q13952	Q13952	NFYC	4802
Q13972	Q13972	RASGRF1	5923
Q13976	Q13976	PRKG1	5592
Q14004	Q14004	CDK13	8621
Q14005	Q14005	IL16	3603
Q14008	Q14008	CKAP5	9793
Q14011	Q14011	CIRBP	1153
Q14012	Q14012	CAMK1	8536
Q14019	Q14019	COTL1	23406
Q14061	Q14061	COX17	10063
Q14103	Q14103	HNRNPD	3184
Q14108	Q14108	SCARB2	950
Q14112	Q14112	NID2	22795
Q14118	Q14118	DAG1	1605
Q14126	Q14126	DSG2	1829
Q14137	Q14137	BOP1	23246
Q14139	Q14139	UBE4A	9354
Q14141	Q14141	SEPTIN6	23157
Q14145	Q14145	KEAP1	9817
Q14149	Q14149	MORC3	23515
Q14151	Q14151	SAFB2	9667
Q14152	Q14152	EIF3A	8661
Q14155	Q14155	ARHGEF7	8874
Q14157	Q14157	UBAP2L	9898
Q14160	Q14160	SCRIB	23513
Q14161	Q14161	GIT2	9815
Q14165	Q14165	MLEC	9761
Q14166	Q14166	TTLL12	23170
Q14168	Q14168	MPP2	4355
Q14185	Q14185	DOCK1	1793
Q14194	Q14194	CRMP1	1400
Q14195	Q14195	DPYSL3	1809
Q14197	Q14197	MRPL58	3396
Q14202	Q14202	ZMYM3	9203
Q14203	Q14203	DCTN1	1639
Q14204	Q14204	DYNC1H1	1778
Q14210	Q14210	LY6D	8581
Q14232	Q14232	EIF2B1	1967
Q14240	Q14240	EIF4A2	1974
Q14241	Q14241	ELOA	6924
Q14244	Q14244	MAP7	9053
Q14247	Q14247	CTTN	2017
Q14249	Q14249	ENDOG	2021
Q14254	Q14254	FLOT2	2319
Q14257	Q14257	RCN2	5955
Q14258	Q14258	TRIM25	7706
Q14318	Q14318	FKBP8	23770
Q14320	Q14320	FAM50A	9130
Q14331	Q14331	FRG1	2483
Q14344	Q14344	GNA13	10672
Q14353	Q14353	GAMT	2593
Q14376	Q14376	GALE	2582
Q14432	Q14432	PDE3A	5139
Q14435	Q14435	GALNT3	2591
Q14444	Q14444	CAPRIN1	4076
Q14451	Q14451	GRB7	2886
Q14498	Q14498	RBM39	9584
Q14517	Q14517	FAT1	2195
Q14527	Q14527	HLTF	6596
Q14554	Q14554	PDIA5	10954
Q14558	Q14558	PRPSAP1	5635
Q14562	Q14562	DHX8	1659
Q14566	Q14566	MCM6	4175
Q14571	Q14571	ITPR2	3709
Q14573	Q14573	ITPR3	3710
Q14574	Q14574	DSC3	1825
Q14624	Q14624	ITIH4	3700
Q14643	Q14643	ITPR1	3708
Q14651	Q14651	PLS1	5357
Q14653	Q14653	IRF3	3661
Q14657	Q14657	LAGE3	8270
Q14667	Q14667	BLTP2	9703
Q14669	Q14669	TRIP12	9320
Q14671	Q14671	PUM1	9698
Q14676	Q14676	MDC1	9656
Q14677	Q14677	CLINT1	9685
Q14683	Q14683	SMC1A	8243
Q14684	Q14684	RRP1B	23076
Q14687	Q14687	GSE1	23199
Q14689	Q14689	DIP2A	23181
Q14690	Q14690	PDCD11	22984
Q14692	Q14692	BMS1	9790
Q14693	Q14693	LPIN1	23175
Q14694	Q14694	USP10	9100
Q14696	Q14696	MESD	23184
Q14697	Q14697	GANAB	23193
Q14699	Q14699	RFTN1	23180
Q14728	Q14728	MFSD10	10227
Q14739	Q14739	LBR	3930
Q14746	Q14746	COG2	22796
Q14749	Q14749	GNMT	27232
Q14764	Q14764	MVP	9961
Q14789	Q14789	GOLGB1	2804
Q147X3	Q147X3	NAA30	122830
Q14839	Q14839	CHD4	1108
Q14847	Q14847	LASP1	3927
Q14849	Q14849	STARD3	10948
Q14914	Q14914	PTGR1	22949
Q14919	Q14919	DRAP1	10589
Q14956	Q14956	GPNMB	10457
Q14966	Q14966	ZNF638	27332
Q14974	Q14974	KPNB1	3837
Q14978	Q14978	NOLC1	9221
Q14980	Q14980	NUMA1	4926
Q14997	Q14997	PSME4	23198
Q14999	Q14999	CUL7	9820
Q14BN4	Q14BN4	SLMAP	7871
Q14C86	Q14C86	GAPVD1	26130
Q14CN4	Q14CN4	KRT72	140807
Q14CX7	Q14CX7	NAA25	80018
Q15005	Q15005	SPCS2	9789
Q15006	Q15006	EMC2	9694
Q15007	Q15007	WTAP	9589
Q15008	Q15008	PSMD6	9861
Q15011	Q15011	HERPUD1	9709
Q15013	Q15013	MAD2L1BP	9587
Q15014	Q15014	MORF4L2	9643
Q15018	Q15018	ABRAXAS2	23172
Q15019	Q15019	SEPTIN2	4735
Q15020	Q15020	SART3	9733
Q15029	Q15029	EFTUD2	9343
Q15031	Q15031	LARS2	23395
Q15036	Q15036	SNX17	9784
Q15041	Q15041	ARL6IP1	23204
Q15042	Q15042	RAB3GAP1	22930
Q15043	Q15043	SLC39A14	23516
Q15046	Q15046	KARS1	3735
Q15047	Q15047	SETDB1	9869
Q15048	Q15048	LRRC14	9684
Q15050	Q15050	RRS1	23212
Q15052	Q15052	ARHGEF6	9459
Q15056	Q15056	EIF4H	7458
Q15057	Q15057	ACAP2	23527
Q15059	Q15059	BRD3	8019
Q15061	Q15061	WDR43	23160
Q15063	Q15063	POSTN	10631
Q15067	Q15067	ACOX1	51
Q15070	Q15070	OXA1L	5018
Q15075	Q15075	EEA1	8411
Q15084	Q15084	PDIA6	10130
Q15102	Q15102	PAFAH1B3	5050
Q15111	Q15111	PLCL1	5334
Q15118	Q15118	PDK1	5163
Q15120	Q15120	PDK3	5165
Q15121	Q15121	PEA15	8682
Q15124	Q15124	PGM5	5239
Q15125	Q15125	EBP	10682
Q15126	Q15126	PMVK	10654
Q15147	Q15147	PLCB4	5332
Q15149	Q15149	PLEC	5339
Q15154	Q15154	PCM1	5108
Q15165	Q15165	PON2	5445
Q15170	Q15170	TCEAL1	9338
Q15172	Q15172	PPP2R5A	5525
Q15173	Q15173	PPP2R5B	5526
Q15181	Q15181	PPA1	5464
Q15185	Q15185	PTGES3	10728
Q15223	Q15223	NECTIN1	5818
Q15233	Q15233	NONO	4841
Q15257	Q15257	PTPA	5524
Q15262	Q15262	PTPRK	5796
Q15269	Q15269	PWP2	5822
Q15276	Q15276	RABEP1	9135
Q15286	Q15286	RAB35	11021
Q15287	Q15287	RNPS1	10921
Q15291	Q15291	RBBP5	5929
Q15293	Q15293	RCN1	5954
Q15311	Q15311	RALBP1	10928
Q15334	Q15334	LLGL1	3996
Q15363	Q15363	TMED2	10959
Q15365	Q15365	PCBP1	5093
Q15366	Q15366	PCBP2	5094
Q15369	Q15369	ELOC	6921
Q15370	Q15370	ELOB	6923
Q15382	Q15382	RHEB	6009
Q15386	Q15386	UBE3C	9690
Q15388	Q15388	TOMM20	9804
Q15393	Q15393	SF3B3	23450
Q15404	Q15404	RSU1	6251
Q15417	Q15417	CNN3	1266
Q15418	Q15418	RPS6KA1	6195
Q15424	Q15424	SAFB	6294
Q15427	Q15427	SF3B4	10262
Q15428	Q15428	SF3A2	8175
Q15435	Q15435	PPP1R7	5510
Q15436	Q15436	SEC23A	10484
Q15437	Q15437	SEC23B	10483
Q15438	Q15438	CYTH1	9267
Q15459	Q15459	SF3A1	10291
Q15477	Q15477	SKIC2	6499
Q15517	Q15517	CDSN	1041
Q15526	Q15526	SURF1	6834
Q15527	Q15527	SURF2	6835
Q15532	Q15532	SS18	6760
Q15545	Q15545	TAF7	6879
Q15554	Q15554	TERF2	7014
Q15555	Q15555	MAPRE2	10982
Q15561	Q15561	TEAD4	7004
Q15582	Q15582	TGFBI	7045
Q15599	Q15599	NHERF2	9351
Q15628	Q15628	TRADD	8717
Q15629	Q15629	TRAM1	23471
Q15631	Q15631	TSN	7247
Q15633	Q15633	TARBP2	6895
Q15637	Q15637	SF1	7536
Q15642	Q15642	TRIP10	9322
Q15643	Q15643	TRIP11	9321
Q15648	Q15648	MED1	5469
Q15650	Q15650	TRIP4	9325
Q15651	Q15651	HMGN3	9324
Q15654	Q15654	TRIP6	7205
Q15691	Q15691	MAPRE1	22919
Q15700	Q15700	DLG2	1740
Q15714	Q15714	TSC22D1	8848
Q15717	Q15717	ELAVL1	1994
Q15738	Q15738	NSDHL	50814
Q15746	Q15746	MYLK	4638
Q15750	Q15750	TAB1	10454
Q15751	Q15751	HERC1	8925
Q15773	Q15773	MLF2	8079
Q15785	Q15785	TOMM34	10953
Q15796	Q15796	SMAD2	4087
Q15811	Q15811	ITSN1	6453
Q15813	Q15813	TBCE	6905
Q15814	Q15814	TBCC	6903
Q15828	Q15828	CST6	1474
Q15833	Q15833	STXBP2	6813
Q15836	Q15836	VAMP3	9341
Q15843	Q15843	NEDD8	4738
Q15847	Q15847	ADIRF	10974
Q15904	Q15904	ATP6AP1	537
Q15907	Q15907	RAB11B	9230
Q15942	Q15942	ZYX	7791
Q16134	Q16134	ETFDH	2110
Q16143	Q16143	SNCB	6620
Q16181	Q16181	SEPTIN7	989
Q16186	Q16186	ADRM1	11047
Q16204	Q16204	CCDC6	8030
Q16222	Q16222	UAP1	6675
Q16270	Q16270	IGFBP7	3490
Q16352	Q16352	INA	9118
Q16363	Q16363	LAMA4	3910
Q16394	Q16394	EXT1	2131
Q16401	Q16401	PSMD5	5711
Q16512	Q16512	PKN1	5585
Q16513	Q16513	PKN2	5586
Q16531	Q16531	DDB1	1642
Q16537	Q16537	PPP2R5E	5529
Q16539	Q16539	MAPK14	1432
Q16540	Q16540	MRPL23	6150
Q16543	Q16543	CDC37	11140
Q16555	Q16555	DPYSL2	1808
Q16563	Q16563	SYPL1	6856
Q16576	Q16576	RBBP7	5931
Q16585	Q16585	SGCB	6443
Q16595	Q16595	FXN	2395
Q16602	Q16602	CALCRL	10203
Q16610	Q16610	ECM1	1893
Q16611	Q16611	BAK1	578
Q16623	Q16623	STX1A	6804
Q16625	Q16625	OCLN	100506658
Q16629	Q16629	SRSF7	6432
Q16630	Q16630	CPSF6	11052
Q16637	Q16637	SMN1; SMN2	6606
Q16643	Q16643	DBN1	1627
Q16654	Q16654	PDK4	5166
Q16656	Q16656	NRF1	4899
Q16658	Q16658	FSCN1	6624
Q16666	Q16666	IFI16	3428
Q16698	Q16698	DECR1	1666
Q16706	Q16706	MAN2A1	4124
Q16718	Q16718	NDUFA5	4698
Q16740	Q16740	CLPP	8192
Q16762	Q16762	TST	7263
Q16769	Q16769	QPCT	25797
Q16774	Q16774	GUK1	2987
Q16775	Q16775	HAGH	3029
Q16777	Q16777	H2AC20	8338
Q16795	Q16795	NDUFA9	4704
Q16799	Q16799	RTN1	6252
Q16822	Q16822	PCK2	5106
Q16836	Q16836	HADH	3033
Q16849	Q16849	PTPRN	5798
Q16850	Q16850	CYP51A1	1595
Q16851	Q16851	UGP2	7360
Q16853	Q16853	AOC3	8639
Q16854	Q16854	DGUOK	1716
Q16864	Q16864	ATP6V1F	9296
Q16877	Q16877	PFKFB4	5210
Q16881	Q16881	TXNRD1	7296
Q16890	Q16890	TPD52L1	7164
Q16891	Q16891	IMMT	10989
Q17R31	Q17R31	TATDN3	128387
Q17R89	Q17R89	ARHGAP44	9912
Q17RD7	Q17RD7	SYT16	83851
Q17RN3	Q17RN3	FAM98C	147965
Q17RY0	Q17RY0	CPEB4	80315
Q1KMD3	Q1KMD3	HNRNPUL2	221092
Q1MX18	Q1MX18	INSC	387755
Q27J81	Q27J81	INF2	64423
Q29RF7	Q29RF7	PDS5A	23244
Q2M2I8	Q2M2I8	AAK1	22848
Q2M389	Q2M389	WASHC4	23325
Q2M3D2	Q2M3D2	EXOC3L2	90332
Q2NKQ1	Q2NKQ1	SGSM1	129049
Q2NL82	Q2NL82	TSR1	55720
Q2NL98	Q2NL98	VMAC	400673
Q2PPJ7	Q2PPJ7	RALGAPA2	57186
Q2TAA2	Q2TAA2	IAH1	285148
Q2TAA5	Q2TAA5	ALG11	440138
Q2TAC6	Q2TAC6	KIF19	124602
Q2TAL8	Q2TAL8	QRICH1	54870
Q2TAY7	Q2TAY7	SMU1	55234
Q2TB10	Q2TB10	ZNF800	168850
Q2TB90	Q2TB90	HKDC1	80201
Q2UY09	Q2UY09	COL28A1	340267
Q30154	Q30154	HLA-DRB5	3127
Q32MZ4	Q32MZ4	LRRFIP1	9208
Q32P28	Q32P28	P3H1	64175
Q32P41	Q32P41	TRMT5	57570
Q32P44	Q32P44	EML3	256364
Q3KQU3	Q3KQU3	MAP7D1	55700
Q3KQV9	Q3KQV9	UAP1L1	91373
Q3LXA3	Q3LXA3	TKFC	26007
Q3MHD2	Q3MHD2	LSM12	124801
Q3MIN7	Q3MIN7	RGL3	57139
Q3SXM5	Q3SXM5	HSDL1	83693
Q3SY69	Q3SY69	ALDH1L2	160428
Q3SY84	Q3SY84	KRT71	112802
Q3SYG4	Q3SYG4	BBS9	27241
Q3V6T2	Q3V6T2	CCDC88A	55704
Q3YEC7	Q3YEC7	RABL6	55684
Q3ZCM7	Q3ZCM7	TUBB8	347688
Q3ZCQ3	Q3ZCQ3	FAM174B	400451
Q3ZCQ8	Q3ZCQ8	TIMM50	92609
Q460N5	Q460N5	PARP14	54625
Q49A26	Q49A26	GLYR1	84656
Q49AN0	Q49AN0	CRY2	1408
Q4G0F5	Q4G0F5	VPS26B	112936
Q4G0J3	Q4G0J3	LARP7	51574
Q4G0X4	Q4G0X4	KCTD21	283219
Q4G176	Q4G176	ACSF3	197322
Q4J6C6	Q4J6C6	PREPL	9581
Q4KMP7	Q4KMP7	TBC1D10B	26000
Q4KMQ2	Q4KMQ2	ANO6	196527
Q4KWH8	Q4KWH8	PLCH1	23007
Q4V328	Q4V328	GRIPAP1	56850
Q4V9L6	Q4V9L6	TMEM119	338773
Q4VC31	Q4VC31	MIX23	131076
Q4VCS5	Q4VCS5	AMOT	154796
Q4ZIN3	Q4ZIN3	TMEM259	91304
Q52LJ0	Q52LJ0	FAM98B	283742
Q53EL6	Q53EL6	PDCD4	27250
Q53EP0	Q53EP0	FNDC3B	64778
Q53F19	Q53F19	NCBP3	55421
Q53FT3	Q53FT3	HIKESHI	51501
Q53FZ2	Q53FZ2	ACSM3	6296
Q53GL7	Q53GL7	PARP10	84875
Q53GQ0	Q53GQ0	HSD17B12	51144
Q53GS7	Q53GS7	GLE1	2733
Q53GS9	Q53GS9	USP39	10713
Q53GT1	Q53GT1	KLHL22	84861
Q53H12	Q53H12	AGK	55750
Q53H47	Q53H47	SETMAR	6419
Q53H96	Q53H96	PYCR3	65263
Q53HC9	Q53HC9	EIPR1	7260
Q53LP3	Q53LP3	SOWAHC	65124
Q53R41	Q53R41	FASTKD1	79675
Q53RD9	Q53RD9	FBLN7	129804
Q53RT3	Q53RT3	ASPRV1	151516
Q53S08	Q53S08	RAB6D	150786
Q53S58	Q53S58	TMEM177	80775
Q53SF7	Q53SF7	COBLL1	22837
Q53T59	Q53T59	HS1BP3	64342
Q53TN4	Q53TN4	CYBRD1	79901
Q562E7	Q562E7	WDR81	124997
Q562R1	Q562R1	ACTBL2	345651
Q567U6	Q567U6	CCDC93	54520
Q56P03	Q56P03	EAPP	55837
Q56VL3	Q56VL3	OCIAD2	132299
Q587I9	Q587I9	SFT2D3	84826
Q58FF6	Q58FF6	HSP90AB4P	664618
Q58WW2	Q58WW2	DCAF6	55827
Q59EK9	Q59EK9	RUNDC3A	10900
Q5BJF2	Q5BJF2	TMEM97	27346
Q5BJF6	Q5BJF6	ODF2	4957
Q5BJH2	Q5BJH2	TMEM128	85013
Q5BJH7	Q5BJH7	YIF1B	90522
Q5BKZ1	Q5BKZ1	ZNF326	284695
Q5D862	Q5D862	FLG2	388698
Q5EB52	Q5EB52	MEST	4232
Q5F1R6	Q5F1R6	DNAJC21	134218
Q5GLZ8	Q5GLZ8	HERC4	26091
Q5H8A4	Q5H8A4	PIGG	54872
Q5H9E4	Q5H9E4	SLC25A53	401612
Q5H9J7	Q5H9J7	BEX5	340542
Q5H9L2	Q5H9L2	TCEAL5	340543
Q5H9R4	Q5H9R4	ARMCX4	100131755
Q5H9R7	Q5H9R7	PPP6R3	55291
Q5HYI8	Q5HYI8	RABL3	285282
Q5HYK3	Q5HYK3	COQ5	84274
Q5HYK7	Q5HYK7	SH3D19	152503
Q5J8M3	Q5J8M3	EMC4	51234
Q5JPH6	Q5JPH6	EARS2	124454
Q5JPI3	Q5JPI3	C3orf38	285237
Q5JR59	Q5JR59	MTUS2	23281
Q5JRA6	Q5JRA6	MIA3	375056
Q5JRX3	Q5JRX3	PITRM1	10531
Q5JS37	Q5JS37	NHLRC3	387921
Q5JS54	Q5JS54	PSMG4	389362
Q5JSH3	Q5JSH3	WDR44	54521
Q5JSZ5	Q5JSZ5	PRRC2B	84726
Q5JTD0	Q5JTD0	TJAP1	93643
Q5JTH9	Q5JTH9	RRP12	23223
Q5JTV8	Q5JTV8	TOR1AIP1	26092
Q5JTZ9	Q5JTZ9	AARS2	57505
Q5JU69	Q5JU69	TOR2A	27433
Q5JUX0	Q5JUX0	SPIN3	169981
Q5JVF3	Q5JVF3	PCID2	55795
Q5JVS0	Q5JVS0	HABP4	22927
Q5JWF2	Q5JWF2	GNAS	NA
Q5K4L6	Q5K4L6	SLC27A3	11000
Q5M8T2	Q5M8T2	SLC35D3	340146
Q5MNZ6	Q5MNZ6	WDR45B	56270
Q5NDL2	Q5NDL2	EOGT	285203
Q5PRF9	Q5PRF9	SAMD4B	55095
Q5QJ74	Q5QJ74	TBCEL	219899
Q5QJE6	Q5QJE6	DNTTIP2	30836
Q5R372	Q5R372	RABGAP1L	NA
Q5R3I4	Q5R3I4	TTC38	55020
Q5RI15	Q5RI15	COX20	116228
Q5RKV6	Q5RKV6	EXOSC6	118460
Q5SGD2	Q5SGD2	PPM1L	151742
Q5SNT2	Q5SNT2	TMEM201	199953
Q5SRE5	Q5SRE5	NUP188	23511
Q5SRE7	Q5SRE7	PHYHD1	254295
Q5SRH9	Q5SRH9	TTC39A	22996
Q5SRI9	Q5SRI9	MANEA	79694
Q5SSJ5	Q5SSJ5	HP1BP3	50809
Q5ST30	Q5ST30	VARS2	57176
Q5SW79	Q5SW79	CEP170	9859
Q5SW96	Q5SW96	LDLRAP1	26119
Q5SWX8	Q5SWX8	ODR4	54953
Q5SXH7	Q5SXH7	PLEKHS1	79949
Q5SXM8	Q5SXM8	DNLZ	728489
Q5SY16	Q5SY16	NOL9	79707
Q5SZK8	Q5SZK8	FREM2	341640
Q5SZQ8	Q5SZQ8	CELF3	11189
Q5T013	Q5T013	HYI	81888
Q5T0D9	Q5T0D9	TPRG1L	127262
Q5T0F9	Q5T0F9	CC2D1B	200014
Q5T0N5	Q5T0N5	FNBP1L	54874
Q5T160	Q5T160	RARS2	57038
Q5T1M5	Q5T1M5	FKBP15	23307
Q5T1V6	Q5T1V6	DDX59	83479
Q5T200	Q5T200	ZC3H13	23091
Q5T2E6	Q5T2E6	ARMH3	79591
Q5T2T1	Q5T2T1	MPP7	143098
Q5T2W1	Q5T2W1	PDZK1	5174
Q5T440	Q5T440	IBA57	200205
Q5T447	Q5T447	HECTD3	79654
Q5T4S7	Q5T4S7	UBR4	23352
Q5T5C0	Q5T5C0	STXBP5	134957
Q5T5P2	Q5T5P2	KIAA1217	56243
Q5T5X7	Q5T5X7	BEND3	57673
Q5T5Y3	Q5T5Y3	CAMSAP1	157922
Q5T653	Q5T653	MRPL2	51069
Q5T6V5	Q5T6V5	QNG1	84267
Q5T749	Q5T749	KPRP	448834
Q5T750	Q5T750	KPLCE	100129271
Q5T7N3	Q5T7N3	KANK4	163782
Q5T7V8	Q5T7V8	GORAB	92344
Q5T7W0	Q5T7W0	ZNF618	114991
Q5T8D3	Q5T8D3	ACBD5	91452
Q5T8P6	Q5T8P6	RBM26	64062
Q5T9C2	Q5T9C2	EEIG1	399665
Q5TA45	Q5TA45	INTS11	54973
Q5TAQ9	Q5TAQ9	DCAF8	50717
Q5TAX3	Q5TAX3	TUT4	23318
Q5TBA9	Q5TBA9	FRY	10129
Q5TBB1	Q5TBB1	RNASEH2B	79621
Q5TBC7	Q5TBC7	BCL2L15	440603
Q5TC12	Q5TC12	ATPAF1	64756
Q5TC82	Q5TC82	RC3H1	149041
Q5TCQ9	Q5TCQ9	MAGI3	260425
Q5TD94	Q5TD94	RSPH4A	345895
Q5TDH0	Q5TDH0	DDI2	84301
Q5TEC6	Q5TEC6	H3-7	440686
Q5TEU4	Q5TEU4	NDUFAF5	79133
Q5TF21	Q5TF21	MTCL3	387104
Q5TGZ0	Q5TGZ0	MICOS10	440574
Q5TH69	Q5TH69	ARFGEF3	57221
Q5THJ4	Q5THJ4	VPS13D	55187
Q5TZA2	Q5TZA2	CROCC	9696
Q5U5X0	Q5U5X0	LYRM7	90624
Q5U651	Q5U651	RASIP1	54922
Q5UCC4	Q5UCC4	EMC10	284361
Q5UIP0	Q5UIP0	RIF1	55183
Q5VIR6	Q5VIR6	VPS53	55275
Q5VSG8	Q5VSG8	MANEAL	149175
Q5VSL9	Q5VSL9	STRIP1	85369
Q5VST6	Q5VST6	ABHD17B	51104
Q5VT25	Q5VT25	CDC42BPA	8476
Q5VT52	Q5VT52	RPRD2	23248
Q5VTE6	Q5VTE6	ANGEL2	90806
Q5VTL8	Q5VTL8	PRPF38B	55119
Q5VTQ0	Q5VTQ0	TTC39B	158219
Q5VTR2	Q5VTR2	RNF20	56254
Q5VU43	Q5VU43	PDE4DIP	9659
Q5VV17	Q5VV17	OTUD1	220213
Q5VV41	Q5VV41	ARHGEF16	27237
Q5VV67	Q5VV67	PPRC1	23082
Q5VVM6	Q5VVM6	CCDC30	728621
Q5VVQ6	Q5VVQ6	YOD1	55432
Q5VW32	Q5VW32	BROX	148362
Q5VW36	Q5VW36	FOCAD	54914
Q5VWJ9	Q5VWJ9	SNX30	401548
Q5VWN6	Q5VWN6	TASOR2	54906
Q5VWP3	Q5VWP3	MLIP	90523
Q5VWZ2	Q5VWZ2	LYPLAL1	127018
Q5VYK3	Q5VYK3	ECPAS	23392
Q5VYY1	Q5VYY1	ANKRD22	118932
Q5VZ89	Q5VZ89	DENND4C	55667
Q5VZF2	Q5VZF2	MBNL2	10150
Q5VZK9	Q5VZK9	CARMIL1	55604
Q5VZL5	Q5VZL5	ZMYM4	9202
Q5VZM2	Q5VZM2	RRAGB	10325
Q5W0U4	Q5W0U4	BSPRY	54836
Q5W0V3	Q5W0V3	FHIP2A	57700
Q5W111	Q5W111	SPRYD7	57213
Q5XKE5	Q5XKE5	KRT79	338785
Q5XKL5	Q5XKL5	BTBD8	284697
Q5XKP0	Q5XKP0	MICOS13	125988
Q629K1	Q629K1	TRIQK	286144
Q63HM9	Q63HM9	PLCXD3	345557
Q63HN8	Q63HN8	RNF213	57674
Q63HR2	Q63HR2	TNS2	23371
Q63ZY3	Q63ZY3	KANK2	25959
Q658Y4	Q658Y4	FAM91A1	157769
Q659C4	Q659C4	LARP1B	55132
Q66K14	Q66K14	TBC1D9B	23061
Q66K74	Q66K74	MAP1S	55201
Q66LE6	Q66LE6	PPP2R2D	55844
Q66PJ3	Q66PJ3	ARL6IP4	51329
Q676U5	Q676U5	ATG16L1	55054
Q684P5	Q684P5	RAP1GAP2	23108
Q687X5	Q687X5	STEAP4	79689
Q68CQ7	Q68CQ7	GLT8D1	55830
Q68CZ2	Q68CZ2	TNS3	64759
Q68D10	Q68D10	SPTY2D1	144108
Q68D91	Q68D91	MBLAC2	153364
Q68DH5	Q68DH5	LMBRD2	92255
Q68DQ2	Q68DQ2	CRYBG3	131544
Q68E01	Q68E01	INTS3	65123
Q68EM7	Q68EM7	ARHGAP17	55114
Q69YL0	Q69YL0	NCBP2AS2	152217
Q69YN4	Q69YN4	VIRMA	25962
Q69YQ0	Q69YQ0	SPECC1L	23384
Q6AI12	Q6AI12	ANKRD40	91369
Q6DD88	Q6DD88	ATL3	25923
Q6DHV7	Q6DHV7	MAPDA	161823
Q6DKJ4	Q6DKJ4	NXN	64359
Q6DKK2	Q6DKK2	TTC19	54902
Q6DN90	Q6DN90	IQSEC1	9922
Q6DT37	Q6DT37	CDC42BPG	55561
Q6E0U4	Q6E0U4	DMKN	93099
Q6EEV4	Q6EEV4	POLR2M	81488
Q6FI81	Q6FI81	CIAPIN1	57019
Q6GMR7	Q6GMR7	FAAH2	158584
Q6GMV3	Q6GMV3	PTRHD1	391356
Q6GPI1	Q6GPI1	CTRB2	440387
Q6GQQ9	Q6GQQ9	OTUD7B	56957
Q6GTS8	Q6GTS8	PM20D1	148811
Q6GYQ0	Q6GYQ0	RALGAPA1	253959
Q6H8Q1	Q6H8Q1	ABLIM2	84448
Q6I9Y2	Q6I9Y2	THOC7	80145
Q6IA17	Q6IA17	SIGIRR	59307
Q6IA69	Q6IA69	NADSYN1	55191
Q6IA86	Q6IA86	ELP2	55250
Q6IAA8	Q6IAA8	LAMTOR1	55004
Q6IBS0	Q6IBS0	TWF2	11344
Q6ICL3	Q6ICL3	TANGO2	128989
Q6IN85	Q6IN85	PPP4R3A	55671
Q6IPR1	Q6IPR1	ETFRF1	144363
Q6IQ22	Q6IQ22	RAB12	201475
Q6IQ23	Q6IQ23	PLEKHA7	144100
Q6IQ49	Q6IQ49	SDE2	163859
Q6KB66	Q6KB66	KRT80	144501
Q6KC79	Q6KC79	NIPBL	25836
Q6KCM7	Q6KCM7	SLC25A25	114789
Q6L8Q7	Q6L8Q7	PDE12	201626
Q6MZW2	Q6MZW2	FSTL4	23105
Q6MZZ7	Q6MZZ7	CAPN13	92291
Q6N069	Q6N069	NAA16	79612
Q6NT76	Q6NT76	HMBOX1	79618
Q6NTE8	Q6NTE8	MRNIP	51149
Q6NTF9	Q6NTF9	RHBDD2	57414
Q6NUJ1	Q6NUJ1	PSAPL1	768239
Q6NUK1	Q6NUK1	SLC25A24	29957
Q6NUM9	Q6NUM9	RETSAT	54884
Q6NUQ4	Q6NUQ4	TMEM214	54867
Q6NV74	Q6NV74	CRACDL	343990
Q6NVY1	Q6NVY1	HIBCH	26275
Q6NW29	Q6NW29	RWDD4	201965
Q6NXE6	Q6NXE6	ARMC6	93436
Q6NXG1	Q6NXG1	ESRP1	54845
Q6NXT4	Q6NXT4	SLC30A6	55676
Q6NXT6	Q6NXT6	TAPT1	202018
Q6NY19	Q6NY19	KANK3	256949
Q6NYC1	Q6NYC1	JMJD6	23210
Q6NYC8	Q6NYC8	PPP1R18	170954
Q6NZI2	Q6NZI2	CAVIN1	284119
Q6NZY4	Q6NZY4	ZCCHC8	55596
Q6P161	Q6P161	MRPL54	116541
Q6P179	Q6P179	ERAP2	64167
Q6P1A2	Q6P1A2	LPCAT3	10162
Q6P1J9	Q6P1J9	CDC73	79577
Q6P1L8	Q6P1L8	MRPL14	64928
Q6P1M0	Q6P1M0	SLC27A4	10999
Q6P1M3	Q6P1M3	LLGL2	3993
Q6P1N0	Q6P1N0	CC2D1A	54862
Q6P1N9	Q6P1N9	TATDN1	83940
Q6P1Q0	Q6P1Q0	LETMD1	25875
Q6P1X5	Q6P1X5	TAF2	6873
Q6P1X6	Q6P1X6	C8orf82	414919
Q6P2E9	Q6P2E9	EDC4	23644
Q6P2Q9	Q6P2Q9	PRPF8	10594
Q6P3W7	Q6P3W7	SCYL2	55681
Q6P3X3	Q6P3X3	TTC27	55622
Q6P4A7	Q6P4A7	SFXN4	119559
Q6P4A8	Q6P4A8	PLBD1	79887
Q6P4E1	Q6P4E1	GOLM2	113201
Q6P4F2	Q6P4F2	FDX2	112812
Q6P587	Q6P587	FAHD1	81889
Q6P597	Q6P597	KLC3	147700
Q6P5R6	Q6P5R6	RPL22L1	200916
Q6P6B1	Q6P6B1	ERICH5	203111
Q6P6C2	Q6P6C2	ALKBH5	54890
Q6P996	Q6P996	PDXDC1	23042
Q6P9B6	Q6P9B6	MEAK7	57707
Q6P9B9	Q6P9B9	INTS5	80789
Q6PCB0	Q6PCB0	VWA1	64856
Q6PCB7	Q6PCB7	SLC27A1	376497
Q6PD62	Q6PD62	CTR9	9646
Q6PFW1	Q6PFW1	PPIP5K1	9677
Q6PGP7	Q6PGP7	SKIC3	9652
Q6PI25	Q6PI25	CNIH2	254263
Q6PI48	Q6PI48	DARS2	55157
Q6PI78	Q6PI78	TMEM65	157378
Q6PID8	Q6PID8	KLHDC10	23008
Q6PIJ6	Q6PIJ6	FBXO38	81545
Q6PIU2	Q6PIU2	NCEH1	57552
Q6PJG2	Q6PJG2	MIDEAS	91748
Q6PJI9	Q6PJI9	WDR59	79726
Q6PJT7	Q6PJT7	ZC3H14	79882
Q6PK18	Q6PK18	OGFOD3	79701
Q6PKG0	Q6PKG0	LARP1	23367
Q6PL24	Q6PL24	TMED8	283578
Q6PML9	Q6PML9	SLC30A9	10463
Q6PUV4	Q6PUV4	CPLX2	10814
Q6QNY0	Q6QNY0	BLOC1S3	388552
Q6QNY1	Q6QNY1	BLOC1S2	282991
Q6R327	Q6R327	RICTOR	253260
Q6RFH5	Q6RFH5	WDR74	54663
Q6RW13	Q6RW13	AGTRAP	57085
Q6S8J3	Q6S8J3	POTEE	445582
Q6SZW1	Q6SZW1	SARM1	23098
Q6U841	Q6U841	SLC4A10	57282
Q6UB35	Q6UB35	MTHFD1L	25902
Q6ULP2	Q6ULP2	AFTPH	54812
Q6UN15	Q6UN15	FIP1L1	81608
Q6UUV7	Q6UUV7	CRTC3	64784
Q6UUV9	Q6UUV9	CRTC1	23373
Q6UVK1	Q6UVK1	CSPG4	1464
Q6UW02	Q6UW02	CYP20A1	57404
Q6UW15	Q6UW15	REG3G	130120
Q6UW68	Q6UW68	TMEM205	374882
Q6UW78	Q6UW78	UQCC3	790955
Q6UWE0	Q6UWE0	LRSAM1	90678
Q6UWI2	Q6UWI2	PARM1	25849
Q6UWJ1	Q6UWJ1	TMCO3	55002
Q6UWP7	Q6UWP7	LCLAT1	253558
Q6UWP8	Q6UWP8	SBSN	374897
Q6UWY5	Q6UWY5	OLFML1	283298
Q6UX04	Q6UX04	CWC27	10283
Q6UX06	Q6UX06	OLFM4	10562
Q6UX72	Q6UX72	B3GNT9	84752
Q6UXD5	Q6UXD5	SEZ6L2	26470
Q6UXG2	Q6UXG2	ELAPOR1	57535
Q6UXG8	Q6UXG8	BTNL9	153579
Q6UXH1	Q6UXH1	CRELD2	79174
Q6UXI9	Q6UXI9	NPNT	255743
Q6UXN9	Q6UXN9	WDR82	80335
Q6UXT9	Q6UXT9	ABHD15	116236
Q6UXV4	Q6UXV4	APOOL	139322
Q6VN20	Q6VN20	RANBP10	57610
Q6VY07	Q6VY07	PACS1	55690
Q6WCQ1	Q6WCQ1	MPRIP	23164
Q6WKZ4	Q6WKZ4	RAB11FIP1	80223
Q6XQN6	Q6XQN6	NAPRT	93100
Q6Y1H2	Q6Y1H2	HACD2	201562
Q6Y7W6	Q6Y7W6	GIGYF2	26058
Q6YN16	Q6YN16	HSDL2	84263
Q6YP21	Q6YP21	KYAT3	56267
Q6ZMG9	Q6ZMG9	CERS6	253782
Q6ZMI0	Q6ZMI0	PPP1R21	129285
Q6ZNB6	Q6ZNB6	NFXL1	152518
Q6ZNW5	Q6ZNW5	GDPGP1	390637
Q6ZRP7	Q6ZRP7	QSOX2	169714
Q6ZRS2	Q6ZRS2	SRCAP	10847
Q6ZS30	Q6ZS30	NBEAL1	65065
Q6ZSR9	Q6ZSR9	NA	NA
Q6ZSS7	Q6ZSS7	MFSD6	54842
Q6ZSZ5	Q6ZSZ5	ARHGEF18	23370
Q6ZT12	Q6ZT12	UBR3	130507
Q6ZT21	Q6ZT21	TMPPE	643853
Q6ZTN6	Q6ZTN6	ANKRD13D	338692
Q6ZU35	Q6ZU35	CRACD	57482
Q6ZUJ8	Q6ZUJ8	PIK3AP1	118788
Q6ZUS6	Q6ZUS6	CCDC149	91050
Q6ZV29	Q6ZV29	PNPLA7	375775
Q6ZVF9	Q6ZVF9	GPRIN3	285513
Q6ZVM7	Q6ZVM7	TOM1L2	146691
Q6ZVX7	Q6ZVX7	NCCRP1	342897
Q6ZXV5	Q6ZXV5	TMTC3	160418
Q709C8	Q709C8	VPS13C	54832
Q709F0	Q709F0	ACAD11	84129
Q70CQ2	Q70CQ2	USP34	9736
Q70CQ3	Q70CQ3	USP30	84749
Q70E73	Q70E73	RAPH1	65059
Q70IA6	Q70IA6	MOB2	81532
Q70UQ0	Q70UQ0	IKBIP	121457
Q712K3	Q712K3	UBE2R2	54926
Q71DI3	Q71DI3	H3C15; H3C14; H3C13	126961
Q71SY5	Q71SY5	MED25	81857
Q71UM5	Q71UM5	RPS27L	51065
Q75QN2	Q75QN2	INTS8	55656
Q75T13	Q75T13	PGAP1	80055
Q76N32	Q76N32	CEP68	23177
Q7KZ85	Q7KZ85	SUPT6H	6830
Q7KZF4	Q7KZF4	SND1	27044
Q7KZI7	Q7KZI7	MARK2	2011
Q7L014	Q7L014	DDX46	9879
Q7L099	Q7L099	RUFY3	22902
Q7L0J3	Q7L0J3	SV2A	9900
Q7L0Y3	Q7L0Y3	TRMT10C	54931
Q7L1Q6	Q7L1Q6	BZW1	9689
Q7L1W4	Q7L1W4	LRRC8D	55144
Q7L2E3	Q7L2E3	DHX30	22907
Q7L2H7	Q7L2H7	EIF3M	10480
Q7L2J0	Q7L2J0	MEPCE	56257
Q7L311	Q7L311	ARMCX2	9823
Q7L3T8	Q7L3T8	PARS2	25973
Q7L4I2	Q7L4I2	RSRC2	65117
Q7L4S7	Q7L4S7	ARMCX6	54470
Q7L576	Q7L576	CYFIP1	23191
Q7L592	Q7L592	NDUFAF7	55471
Q7L5D6	Q7L5D6	GET4	51608
Q7L5L3	Q7L5L3	GDPD3	79153
Q7L5N1	Q7L5N1	COPS6	10980
Q7L5N7	Q7L5N7	LPCAT2	54947
Q7L5Y1	Q7L5Y1	ENOSF1	55556
Q7L5Y9	Q7L5Y9	MAEA	10296
Q7L775	Q7L775	EPM2AIP1	9852
Q7L7L0	Q7L7L0	H2AC25	92815
Q7L7V1	Q7L7V1	DHX32	55760
Q7L7X3	Q7L7X3	TAOK1	57551
Q7L8C5	Q7L8C5	SYT13	57586
Q7L8L6	Q7L8L6	FASTKD5	60493
Q7L9B9	Q7L9B9	EEPD1	80820
Q7L9L4	Q7L9L4	MOB1B	92597
Q7LBC6	Q7LBC6	KDM3B	51780
Q7LBR1	Q7LBR1	CHMP1B	57132
Q7LG56	Q7LG56	RRM2B	50484
Q7LGA3	Q7LGA3	HS2ST1	9653
Q7RTP6	Q7RTP6	MICAL3	57553
Q7RTS1	Q7RTS1	BHLHA15	168620
Q7RTV0	Q7RTV0	PHF5A	84844
Q7RTV5	Q7RTV5	PRXL2C	195827
Q7Z2K6	Q7Z2K6	ERMP1	79956
Q7Z2K8	Q7Z2K8	GPRIN1	114787
Q7Z2T5	Q7Z2T5	TRMT1L	81627
Q7Z2W4	Q7Z2W4	ZC3HAV1	56829
Q7Z2W9	Q7Z2W9	MRPL21	219927
Q7Z2Z2	Q7Z2Z2	EFL1	79631
Q7Z392	Q7Z392	TRAPPC11	60684
Q7Z3B1	Q7Z3B1	NEGR1	257194
Q7Z3B4	Q7Z3B4	NUP54	53371
Q7Z3C6	Q7Z3C6	ATG9A	79065
Q7Z3D6	Q7Z3D6	DGLUCY	80017
Q7Z3E2	Q7Z3E2	CCDC186	55088
Q7Z3J2	Q7Z3J2	VPS35L	57020
Q7Z3K3	Q7Z3K3	POGZ	23126
Q7Z3T8	Q7Z3T8	ZFYVE16	9765
Q7Z3U7	Q7Z3U7	MON2	23041
Q7Z3Y7	Q7Z3Y7	KRT28	162605
Q7Z3Y8	Q7Z3Y8	KRT27	342574
Q7Z3Y9	Q7Z3Y9	KRT26	353288
Q7Z3Z0	Q7Z3Z0	KRT25	147183
Q7Z401	Q7Z401	DENND4A	10260
Q7Z404	Q7Z404	TMC4	147798
Q7Z406	Q7Z406	MYH14	79784
Q7Z417	Q7Z417	NUFIP2	57532
Q7Z434	Q7Z434	MAVS	57506
Q7Z449	Q7Z449	CYP2U1	113612
Q7Z460	Q7Z460	CLASP1	23332
Q7Z478	Q7Z478	DHX29	54505
Q7Z4G4	Q7Z4G4	TRMT11	60487
Q7Z4H8	Q7Z4H8	POGLUT3	143888
Q7Z4L5	Q7Z4L5	TTC21B	79809
Q7Z4Q2	Q7Z4Q2	HEATR3	55027
Q7Z4R8	Q7Z4R8	C6orf120	387263
Q7Z4S6	Q7Z4S6	KIF21A	55605
Q7Z4V5	Q7Z4V5	HDGFL2	84717
Q7Z4W1	Q7Z4W1	DCXR	51181
Q7Z5G4	Q7Z5G4	GOLGA7	51125
Q7Z5J4	Q7Z5J4	RAI1	10743
Q7Z5K2	Q7Z5K2	WAPL	23063
Q7Z5L7	Q7Z5L7	PODN	127435
Q7Z5L9	Q7Z5L9	IRF2BP2	359948
Q7Z5N4	Q7Z5N4	SDK1	221935
Q7Z5R6	Q7Z5R6	APBB1IP	54518
Q7Z624	Q7Z624	CAMKMT	79823
Q7Z6B0	Q7Z6B0	CCDC91	55297
Q7Z6G3	Q7Z6G3	NECAB2	54550
Q7Z6G8	Q7Z6G8	ANKS1B	56899
Q7Z6J9	Q7Z6J9	TSEN54	283989
Q7Z6K5	Q7Z6K5	ARPIN	348110
Q7Z6L1	Q7Z6L1	TECPR1	25851
Q7Z6M4	Q7Z6M4	MTERF4	130916
Q7Z6Z7	Q7Z6Z7	HUWE1	10075
Q7Z739	Q7Z739	YTHDF3	253943
Q7Z794	Q7Z794	KRT77	374454
Q7Z7E8	Q7Z7E8	UBE2Q1	55585
Q7Z7G0	Q7Z7G0	ABI3BP	25890
Q7Z7H5	Q7Z7H5	TMED4	222068
Q7Z7H8	Q7Z7H8	MRPL10	124995
Q7Z7K6	Q7Z7K6	CENPV	201161
Q7Z7M0	Q7Z7M0	MEGF8	1954
Q7Z7N9	Q7Z7N9	TMEM179B	374395
Q86SE8	Q86SE8	NPM2	10361
Q86SK9	Q86SK9	SCD5	79966
Q86SQ0	Q86SQ0	PHLDB2	90102
Q86SX6	Q86SX6	GLRX5	51218
Q86SZ2	Q86SZ2	TRAPPC6B	122553
Q86TG7	Q86TG7	PEG10	23089
Q86TI0	Q86TI0	TBC1D1	23216
Q86TI2	Q86TI2	DPP9	91039
Q86TM6	Q86TM6	SYVN1	84447
Q86TP1	Q86TP1	PRUNE1	58497
Q86TU7	Q86TU7	SETD3	84193
Q86TV6	Q86TV6	TTC7B	145567
Q86U28	Q86U28	ISCA2	122961
Q86U38	Q86U38	NOP9	161424
Q86U42	Q86U42	PABPN1	8106
Q86U44	Q86U44	METTL3	56339
Q86U86	Q86U86	PBRM1	55193
Q86UA1	Q86UA1	PRPF39	55015
Q86UE4	Q86UE4	MTDH	92140
Q86UE8	Q86UE8	TLK2	11011
Q86UK7	Q86UK7	ZNF598	90850
Q86UP2	Q86UP2	KTN1	3895
Q86UP6	Q86UP6	CUZD1	50624
Q86UT6	Q86UT6	NLRX1	79671
Q86UU1	Q86UU1	PHLDB1	23187
Q86UV5	Q86UV5	USP48	84196
Q86UX2	Q86UX2	ITIH5	80760
Q86UX6	Q86UX6	STK32C	282974
Q86UX7	Q86UX7	FERMT3	83706
Q86UY8	Q86UY8	NT5DC3	51559
Q86V21	Q86V21	AACS	65985
Q86V48	Q86V48	LUZP1	7798
Q86V81	Q86V81	ALYREF	10189
Q86V97	Q86V97	KBTBD6	89890
Q86VB7	Q86VB7	CD163	9332
Q86VM9	Q86VM9	ZC3H18	124245
Q86VN1	Q86VN1	VPS36	51028
Q86VP3	Q86VP3	PACS2	23241
Q86VP6	Q86VP6	CAND1	55832
Q86VR2	Q86VR2	RETREG3	162427
Q86VS8	Q86VS8	HOOK3	84376
Q86VU5	Q86VU5	COMTD1	118881
Q86VX2	Q86VX2	COMMD7	149951
Q86VX9	Q86VX9	MON1A	84315
Q86VY4	Q86VY4	TSPYL5	85453
Q86VY9	Q86VY9	TMEM200A	114801
Q86VZ4	Q86VZ4	LRP11	84918
Q86W42	Q86W42	THOC6	79228
Q86W50	Q86W50	METTL16	79066
Q86W92	Q86W92	PPFIBP1	8496
Q86WA6	Q86WA6	BPHL	670
Q86WB0	Q86WB0	ZC3HC1	51530
Q86WI3	Q86WI3	NLRC5	84166
Q86WJ1	Q86WJ1	CHD1L	9557
Q86WR0	Q86WR0	CCDC25	55246
Q86WV6	Q86WV6	STING1	340061
Q86X10	Q86X10	RALGAPB	57148
Q86X19	Q86X19	TMEM17	200728
Q86X29	Q86X29	LSR	51599
Q86X55	Q86X55	CARM1	10498
Q86X76	Q86X76	NIT1	4817
Q86X83	Q86X83	COMMD2	51122
Q86XA9	Q86XA9	HEATR5A	25938
Q86XE5	Q86XE5	HOGA1	112817
Q86XL3	Q86XL3	ANKLE2	23141
Q86XP3	Q86XP3	DDX42	11325
Q86XX4	Q86XX4	FRAS1	80144
Q86Y39	Q86Y39	NDUFA11	126328
Q86Y46	Q86Y46	KRT73	319101
Q86Y79	Q86Y79	PTRH1	138428
Q86Y82	Q86Y82	STX12	23673
Q86YB8	Q86YB8	ERO1B	56605
Q86YH6	Q86YH6	PDSS2	57107
Q86YL5	Q86YL5	TDRP	157695
Q86YP4	Q86YP4	GATAD2A	54815
Q86YS6	Q86YS6	RAB43	339122
Q86YS7	Q86YS7	C2CD5	9847
Q86YV9	Q86YV9	HPS6	79803
Q86YZ3	Q86YZ3	HRNR	388697
Q8IU81	Q8IU81	IRF2BP1	26145
Q8IU85	Q8IU85	CAMK1D	57118
Q8IUD2	Q8IUD2	ERC1	23085
Q8IUD6	Q8IUD6	RNF135	84282
Q8IUE6	Q8IUE6	H2AC21	317772
Q8IUF8	Q8IUF8	RIOX2	84864
Q8IUH3	Q8IUH3	RBM45	129831
Q8IUI8	Q8IUI8	CRLF3	51379
Q8IUR0	Q8IUR0	TRAPPC5	126003
Q8IUR7	Q8IUR7	ARMC8	25852
Q8IUW5	Q8IUW5	RELL1	768211
Q8IUX7	Q8IUX7	AEBP1	165
Q8IV04	Q8IV04	TBC1D10C	374403
Q8IV08	Q8IV08	PLD3	23646
Q8IV36	Q8IV36	HID1	283987
Q8IV38	Q8IV38	ANKMY2	57037
Q8IV50	Q8IV50	LYSMD2	256586
Q8IVD9	Q8IVD9	NUDCD3	23386
Q8IVF7	Q8IVF7	FMNL3	91010
Q8IVH2	Q8IVH2	FOXP4	116113
Q8IVH4	Q8IVH4	MMAA	166785
Q8IVL6	Q8IVL6	P3H3	10536
Q8IVM0	Q8IVM0	CCDC50	152137
Q8IVS2	Q8IVS2	MCAT	27349
Q8IVT2	Q8IVT2	MISP	126353
Q8IVT5	Q8IVT5	KSR1	8844
Q8IVY1	Q8IVY1	C1orf210	149466
Q8IW35	Q8IW35	CEP97	79598
Q8IW45	Q8IW45	NAXD	55739
Q8IW75	Q8IW75	SERPINA12	145264
Q8IWA0	Q8IWA0	WDR75	84128
Q8IWA4	Q8IWA4	MFN1	55669
Q8IWB7	Q8IWB7	WDFY1	57590
Q8IWD4	Q8IWD4	CCDC117	150275
Q8IWE2	Q8IWE2	FAM114A1	92689
Q8IWE5	Q8IWE5	PLEKHM2	23207
Q8IWJ2	Q8IWJ2	GCC2	9648
Q8IWR0	Q8IWR0	ZC3H7A	29066
Q8IWT6	Q8IWT6	LRRC8A	56262
Q8IWU2	Q8IWU2	LMTK2	22853
Q8IWU4	Q8IWU4	SLC30A8	169026
Q8IWV7	Q8IWV7	UBR1	197131
Q8IWW6	Q8IWW6	ARHGAP12	94134
Q8IWX8	Q8IWX8	CHERP	10523
Q8IWZ3	Q8IWZ3	ANKHD1	54882
Q8IWZ6	Q8IWZ6	BBS7	55212
Q8IWZ8	Q8IWZ8	SUGP1	57794
Q8IX01	Q8IX01	SUGP2	10147
Q8IX04	Q8IX04	UEVLD	55293
Q8IX12	Q8IX12	CCAR1	55749
Q8IX18	Q8IX18	DHX40	79665
Q8IXB1	Q8IXB1	DNAJC10	54431
Q8IXH7	Q8IXH7	NELFCD	51497
Q8IXI1	Q8IXI1	RHOT2	89941
Q8IXI2	Q8IXI2	RHOT1	55288
Q8IXJ6	Q8IXJ6	SIRT2	22933
Q8IXK0	Q8IXK0	PHC2	1912
Q8IXM2	Q8IXM2	BACC1	124944
Q8IXM3	Q8IXM3	MRPL41	64975
Q8IXM6	Q8IXM6	NRM	11270
Q8IXQ4	Q8IXQ4	GPALPP1	55425
Q8IXQ6	Q8IXQ6	PARP9	83666
Q8IXS8	Q8IXS8	HYCC2	285172
Q8IXT5	Q8IXT5	RBM12B	389677
Q8IY17	Q8IY17	PNPLA6	10908
Q8IY18	Q8IY18	SMC5	23137
Q8IY21	Q8IY21	DDX60	55601
Q8IY22	Q8IY22	CMIP	80790
Q8IY26	Q8IY26	PLPP6	403313
Q8IY31	Q8IY31	IFT20	90410
Q8IY37	Q8IY37	DHX37	57647
Q8IY67	Q8IY67	RAVER1	125950
Q8IY81	Q8IY81	FTSJ3	117246
Q8IY95	Q8IY95	TMEM192	201931
Q8IYB3	Q8IYB3	SRRM1	10250
Q8IYB5	Q8IYB5	SMAP1	60682
Q8IYB7	Q8IYB7	DIS3L2	129563
Q8IYB8	Q8IYB8	SUPV3L1	6832
Q8IYD1	Q8IYD1	GSPT2	23708
Q8IYI6	Q8IYI6	EXOC8	149371
Q8IYJ3	Q8IYJ3	SYTL1	84958
Q8IYQ7	Q8IYQ7	THNSL1	79896
Q8IYS1	Q8IYS1	PM20D2	135293
Q8IYS2	Q8IYS2	KIAA2013	90231
Q8IYU2	Q8IYU2	HACE1	57531
Q8IYU8	Q8IYU8	MICU2	221154
Q8IZ07	Q8IZ07	ANKRD13A	88455
Q8IZ21	Q8IZ21	PHACTR4	65979
Q8IZ52	Q8IZ52	CHPF	79586
Q8IZ69	Q8IZ69	TRMT2A	27037
Q8IZ81	Q8IZ81	ELMOD2	255520
Q8IZ83	Q8IZ83	ALDH16A1	126133
Q8IZA0	Q8IZA0	KIAA0319L	79932
Q8IZD4	Q8IZD4	DCP1B	196513
Q8IZE3	Q8IZE3	SCYL3	57147
Q8IZH2	Q8IZH2	XRN1	54464
Q8IZL8	Q8IZL8	PELP1	27043
Q8IZP0	Q8IZP0	ABI1	10006
Q8IZQ1	Q8IZQ1	WDFY3	23001
Q8IZQ5	Q8IZQ5	SELENOH	280636
Q8IZR5	Q8IZR5	CMTM4	146223
Q8IZV2	Q8IZV2	CMTM8	152189
Q8N0W3	Q8N0W3	FCSK	197258
Q8N0X4	Q8N0X4	CLYBL	171425
Q8N0X7	Q8N0X7	SPART	23111
Q8N108	Q8N108	MIER1	57708
Q8N122	Q8N122	RPTOR	57521
Q8N128	Q8N128	FAM177A1	283635
Q8N131	Q8N131	TMEM123	114908
Q8N145	Q8N145	LGI3	203190
Q8N163	Q8N163	CCAR2	57805
Q8N183	Q8N183	NDUFAF2	91942
Q8N1B4	Q8N1B4	VPS52	6293
Q8N1F7	Q8N1F7	NUP93	9688
Q8N1F8	Q8N1F8	STK11IP	114790
Q8N1G2	Q8N1G2	CMTR1	23070
Q8N1G4	Q8N1G4	LRRC47	57470
Q8N1N4	Q8N1N4	KRT78	196374
Q8N1W1	Q8N1W1	ARHGEF28	64283
Q8N201	Q8N201	INTS1	26173
Q8N2E2	Q8N2E2	VWDE	221806
Q8N2F6	Q8N2F6	ARMC10	83787
Q8N2G8	Q8N2G8	GHDC	84514
Q8N2H3	Q8N2H3	PYROXD2	84795
Q8N2K0	Q8N2K0	ABHD12	26090
Q8N2S1	Q8N2S1	LTBP4	8425
Q8N2U0	Q8N2U0	TMEM256	254863
Q8N335	Q8N335	GPD1L	23171
Q8N357	Q8N357	SLC35F6	54978
Q8N392	Q8N392	ARHGAP18	93663
Q8N398	Q8N398	VWA5B2	90113
Q8N3C0	Q8N3C0	ASCC3	10973
Q8N3D4	Q8N3D4	EHBP1L1	254102
Q8N3F0	Q8N3F0	MTURN	222166
Q8N3J5	Q8N3J5	PPM1K	152926
Q8N3P4	Q8N3P4	VPS8	23355
Q8N3R9	Q8N3R9	PALS1	64398
Q8N3U4	Q8N3U4	STAG2	10735
Q8N3V7	Q8N3V7	SYNPO	11346
Q8N3X1	Q8N3X1	FNBP4	23360
Q8N442	Q8N442	GUF1	60558
Q8N465	Q8N465	D2HGDH	728294
Q8N488	Q8N488	RYBP	23429
Q8N4C8	Q8N4C8	MINK1	50488
Q8N4H5	Q8N4H5	TOMM5	401505
Q8N4L2	Q8N4L2	PIP4P2	55529
Q8N4P3	Q8N4P3	HDDC3	374659
Q8N4Q0	Q8N4Q0	PTGR3	284273
Q8N4Q1	Q8N4Q1	CHCHD4	131474
Q8N4S9	Q8N4S9	MARVELD2	153562
Q8N4T8	Q8N4T8	CBR4	84869
Q8N4V1	Q8N4V1	MMGT1	93380
Q8N4Y2	Q8N4Y2	CRACR2B	283229
Q8N573	Q8N573	OXR1	55074
Q8N5A5	Q8N5A5	ZGPAT	84619
Q8N5C6	Q8N5C6	SRBD1	55133
Q8N5F7	Q8N5F7	NKAP	79576
Q8N5G2	Q8N5G2	MACO1	55219
Q8N5I2	Q8N5I2	ARRDC1	92714
Q8N5J2	Q8N5J2	MINDY1	55793
Q8N5K1	Q8N5K1	CISD2	493856
Q8N5M1	Q8N5M1	ATPAF2	91647
Q8N5M4	Q8N5M4	TTC9C	283237
Q8N5M9	Q8N5M9	JAGN1	84522
Q8N5N7	Q8N5N7	MRPL50	54534
Q8N5X7	Q8N5X7	EIF4E3	317649
Q8N612	Q8N612	FHIP1B	84067
Q8N668	Q8N668	COMMD1	150684
Q8N684	Q8N684	CPSF7	79869
Q8N6C5	Q8N6C5	IGSF1	3547
Q8N6H7	Q8N6H7	ARFGAP2	84364
Q8N6M0	Q8N6M0	OTUD6B	51633
Q8N6T3	Q8N6T3	ARFGAP1	55738
Q8N6T7	Q8N6T7	SIRT6	51548
Q8N755	Q8N755	SLC66A3	130814
Q8N766	Q8N766	EMC1	23065
Q8N7H5	Q8N7H5	PAF1	54623
Q8N806	Q8N806	UBR7	55148
Q8N8A2	Q8N8A2	ANKRD44	91526
Q8N8L6	Q8N8L6	ARL10	285598
Q8N8N7	Q8N8N7	PTGR2	145482
Q8N8R3	Q8N8R3	SLC25A29	123096
Q8N8S7	Q8N8S7	ENAH	55740
Q8N944	Q8N944	AMER3	205147
Q8N983	Q8N983	MRPL43	84545
Q8N9N2	Q8N9N2	ASCC1	51008
Q8N9N7	Q8N9N7	LRRC57	255252
Q8N9N8	Q8N9N8	EIF1AD	84285
Q8N9R8	Q8N9R8	SCAI	286205
Q8N9U0	Q8N9U0	TC2N	123036
Q8NAF0	Q8NAF0	ZNF579	163033
Q8NAN2	Q8NAN2	MIGA1	374986
Q8NAT1	Q8NAT1	POMGNT2	84892
Q8NAV1	Q8NAV1	PRPF38A	84950
Q8NAX2	Q8NAX2	KDF1	126695
Q8NB37	Q8NB37	GATD1	347862
Q8NB90	Q8NB90	AFG2A	166378
Q8NBA8	Q8NBA8	DTWD2	285605
Q8NBF2	Q8NBF2	NHLRC2	374354
Q8NBF6	Q8NBF6	AVL9	23080
Q8NBJ4	Q8NBJ4	GOLM1	51280
Q8NBJ5	Q8NBJ5	COLGALT1	79709
Q8NBJ7	Q8NBJ7	SUMF2	25870
Q8NBJ9	Q8NBJ9	SIDT2	51092
Q8NBL1	Q8NBL1	POGLUT1	56983
Q8NBM4	Q8NBM4	UBAC2	337867
Q8NBM8	Q8NBM8	PCYOX1L	78991
Q8NBN3	Q8NBN3	TMEM87A	25963
Q8NBN7	Q8NBN7	RDH13	112724
Q8NBQ5	Q8NBQ5	HSD17B11	51170
Q8NBS9	Q8NBS9	TXNDC5	81567
Q8NBU5	Q8NBU5	ATAD1	84896
Q8NBX0	Q8NBX0	SCCPDH	51097
Q8NC44	Q8NC44	RETREG2	79137
Q8NC51	Q8NC51	SERBP1	26135
Q8NC56	Q8NC56	LEMD2	221496
Q8NC69	Q8NC69	KCTD6	200845
Q8NC96	Q8NC96	NECAP1	25977
Q8NCA5	Q8NCA5	FAM98A	25940
Q8NCH0	Q8NCH0	CHST14	113189
Q8NCJ5	Q8NCJ5	SPRYD3	84926
Q8NCM8	Q8NCM8	DYNC2H1	79659
Q8NCN5	Q8NCN5	PDPR	55066
Q8NCU7	Q8NCU7	C2CD4A	145741
Q8NCW5	Q8NCW5	NAXE	128240
Q8ND24	Q8ND24	RNF214	257160
Q8ND56	Q8ND56	LSM14A	26065
Q8ND71	Q8ND71	GIMAP8	155038
Q8ND76	Q8ND76	CCNY	219771
Q8ND90	Q8ND90	PNMA1	9240
Q8NDA8	Q8NDA8	MROH1	727957
Q8NDH3	Q8NDH3	NPEPL1	79716
Q8NDI1	Q8NDI1	EHBP1	23301
Q8NDT2	Q8NDT2	RBM15B	29890
Q8NDX5	Q8NDX5	PHC3	80012
Q8NE01	Q8NE01	CNNM3	26505
Q8NE62	Q8NE62	CHDH	55349
Q8NE71	Q8NE71	ABCF1	23
Q8NE86	Q8NE86	MCU	90550
Q8NEB9	Q8NEB9	PIK3C3	5289
Q8NEC7	Q8NEC7	GSTCD	79807
Q8NEN9	Q8NEN9	PDZD8	118987
Q8NEU8	Q8NEU8	APPL2	55198
Q8NEW0	Q8NEW0	SLC30A7	148867
Q8NEX9	Q8NEX9	SDR9C7	121214
Q8NEY1	Q8NEY1	NAV1	89796
Q8NEZ2	Q8NEZ2	VPS37A	137492
Q8NEZ5	Q8NEZ5	FBXO22	26263
Q8NF37	Q8NF37	LPCAT1	79888
Q8NF91	Q8NF91	SYNE1	23345
Q8NFC6	Q8NFC6	BOD1L1	259282
Q8NFD5	Q8NFD5	ARID1B	57492
Q8NFF5	Q8NFF5	FLAD1	80308
Q8NFH3	Q8NFH3	NUP43	348995
Q8NFH4	Q8NFH4	NUP37	79023
Q8NFH5	Q8NFH5	NUP35	129401
Q8NFH8	Q8NFH8	REPS2	9185
Q8NFI3	Q8NFI3	ENGASE	64772
Q8NFJ9	Q8NFJ9	BBS1	582
Q8NFP9	Q8NFP9	NBEA	26960
Q8NFQ8	Q8NFQ8	TOR1AIP2	NA
Q8NFU3	Q8NFU3	TSTD1	100131187
Q8NFV4	Q8NFV4	ABHD11	83451
Q8NFW8	Q8NFW8	CMAS	55907
Q8NG11	Q8NG11	TSPAN14	81619
Q8NHG7	Q8NHG7	SVIP	258010
Q8NHG8	Q8NHG8	ZNRF2	223082
Q8NHH9	Q8NHH9	ATL2	64225
Q8NHP8	Q8NHP8	PLBD2	196463
Q8NI08	Q8NI08	NCOA7	135112
Q8NI22	Q8NI22	MCFD2	90411
Q8NI27	Q8NI27	THOC2	57187
Q8NI36	Q8NI36	WDR36	134430
Q8NI60	Q8NI60	COQ8A	56997
Q8TAD7	Q8TAD7	OCC1	387882
Q8TAD8	Q8TAD8	SNIP1	79753
Q8TAE6	Q8TAE6	PPP1R14C	81706
Q8TAE8	Q8TAE8	GADD45GIP1	90480
Q8TAF3	Q8TAF3	WDR48	57599
Q8TAG9	Q8TAG9	EXOC6	54536
Q8TAP9	Q8TAP9	MPLKIP	136647
Q8TAQ2	Q8TAQ2	SMARCC2	6601
Q8TAT6	Q8TAT6	NPLOC4	55666
Q8TB22	Q8TB22	SPATA20	64847
Q8TB36	Q8TB36	GDAP1	54332
Q8TB37	Q8TB37	NUBPL	80224
Q8TB40	Q8TB40	ABHD4	63874
Q8TB45	Q8TB45	DEPTOR	64798
Q8TB61	Q8TB61	SLC35B2	347734
Q8TB72	Q8TB72	PUM2	23369
Q8TB96	Q8TB96	ITFG1	81533
Q8TBA6	Q8TBA6	GOLGA5	9950
Q8TBC4	Q8TBC4	UBA3	9039
Q8TBC5	Q8TBC5	ZSCAN18	65982
Q8TBF4	Q8TBF4	ZCRB1	85437
Q8TBP5	Q8TBP5	FAM174A	345757
Q8TBQ9	Q8TBQ9	TMEM167A	153339
Q8TBX8	Q8TBX8	PIP4K2C	79837
Q8TC07	Q8TC07	TBC1D15	64786
Q8TC12	Q8TC12	RDH11	51109
Q8TC26	Q8TC26	TMEM163	81615
Q8TCD1	Q8TCD1	C18orf32	497661
Q8TCD5	Q8TCD5	NT5C	30833
Q8TCE6	Q8TCE6	DENND10	404636
Q8TCG2	Q8TCG2	PI4K2B	55300
Q8TCJ2	Q8TCJ2	STT3B	201595
Q8TCS8	Q8TCS8	PNPT1	87178
Q8TCT9	Q8TCT9	HM13	81502
Q8TCU6	Q8TCU6	PREX1	57580
Q8TCX1	Q8TCX1	DYNC2LI1	51626
Q8TCY9	Q8TCY9	URGCP	55665
Q8TCZ2	Q8TCZ2	CD99L2	83692
Q8TD19	Q8TD19	NEK9	91754
Q8TD26	Q8TD26	CHD6	84181
Q8TD55	Q8TD55	PLEKHO2	80301
Q8TDB6	Q8TDB6	DTX3L	151636
Q8TDD1	Q8TDD1	DDX54	79039
Q8TDJ6	Q8TDJ6	DMXL2	23312
Q8TDN6	Q8TDN6	BRIX1	55299
Q8TDQ7	Q8TDQ7	GNPDA2	132789
Q8TDZ2	Q8TDZ2	MICAL1	64780
Q8TE77	Q8TE77	SSH3	54961
Q8TE82	Q8TE82	SH3TC1	54436
Q8TEA7	Q8TEA7	TBCK	93627
Q8TEA8	Q8TEA8	DTD1	92675
Q8TEB1	Q8TEB1	DCAF11	80344
Q8TEM1	Q8TEM1	NUP210	23225
Q8TEQ0	Q8TEQ0	SNX29	92017
Q8TEQ6	Q8TEQ6	GEMIN5	25929
Q8TEQ8	Q8TEQ8	PIGO	84720
Q8TER5	Q8TER5	ARHGEF40	55701
Q8TEW0	Q8TEW0	PARD3	56288
Q8TEX9	Q8TEX9	IPO4	79711
Q8TEY7	Q8TEY7	USP33	23032
Q8TF01	Q8TF01	PNISR	25957
Q8TF05	Q8TF05	PPP4R1	9989
Q8TF39	Q8TF39	ZNF483	158399
Q8TF65	Q8TF65	GIPC2	54810
Q8TF71	Q8TF71	SLC16A10	117247
Q8TF72	Q8TF72	SHROOM3	57619
Q8TF74	Q8TF74	WIPF2	147179
Q8WTS6	Q8WTS6	SETD7	80854
Q8WTT2	Q8WTT2	NOC3L	64318
Q8WTW3	Q8WTW3	COG1	9382
Q8WTW4	Q8WTW4	NPRL2	10641
Q8WU76	Q8WU76	SCFD2	152579
Q8WU79	Q8WU79	SMAP2	64744
Q8WU90	Q8WU90	ZC3H15	55854
Q8WUA2	Q8WUA2	PPIL4	85313
Q8WUA4	Q8WUA4	GTF3C2	2976
Q8WUA7	Q8WUA7	TBC1D22A	25771
Q8WUD1	Q8WUD1	RAB2B	84932
Q8WUF5	Q8WUF5	PPP1R13L	10848
Q8WUF8	Q8WUF8	ARB2A	83989
Q8WUG5	Q8WUG5	SLC22A17	51310
Q8WUH2	Q8WUH2	TGFBRAP1	9392
Q8WUH6	Q8WUH6	TMEM263	90488
Q8WUM0	Q8WUM0	NUP133	55746
Q8WUM4	Q8WUM4	PDCD6IP	10015
Q8WUP2	Q8WUP2	FBLIM1	54751
Q8WUW1	Q8WUW1	BRK1	55845
Q8WUX9	Q8WUX9	CHMP7	91782
Q8WUY1	Q8WUY1	THEM6	51337
Q8WUY3	Q8WUY3	PRUNE2	158471
Q8WV44	Q8WV44	TRIM41	90933
Q8WV99	Q8WV99	ZFAND2B	130617
Q8WVC0	Q8WVC0	LEO1	123169
Q8WVC6	Q8WVC6	DCAKD	79877
Q8WVJ2	Q8WVJ2	NUDCD2	134492
Q8WVK2	Q8WVK2	SNRNP27	11017
Q8WVM7	Q8WVM7	STAG1	10274
Q8WVM8	Q8WVM8	SCFD1	23256
Q8WVQ1	Q8WVQ1	CANT1	124583
Q8WVS4	Q8WVS4	DYNC2I1	55112
Q8WVT3	Q8WVT3	TRAPPC12	51112
Q8WVV4	Q8WVV4	POF1B	79983
Q8WVV9	Q8WVV9	HNRNPLL	92906
Q8WVY7	Q8WVY7	UBLCP1	134510
Q8WW12	Q8WW12	PCNP	57092
Q8WW22	Q8WW22	DNAJA4	55466
Q8WW59	Q8WW59	SPRYD4	283377
Q8WW62	Q8WW62	TMED6	146456
Q8WWC4	Q8WWC4	MAIP1	79568
Q8WWH5	Q8WWH5	TRUB1	142940
Q8WWI1	Q8WWI1	LMO7	4008
Q8WWI5	Q8WWI5	SLC44A1	23446
Q8WWM7	Q8WWM7	ATXN2L	11273
Q8WWP7	Q8WWP7	GIMAP1	170575
Q8WWQ0	Q8WWQ0	PHIP	55023
Q8WWW0	Q8WWW0	RASSF5	83593
Q8WWX9	Q8WWX9	SELENOM	140606
Q8WWY3	Q8WWY3	PRPF31	26121
Q8WWY7	Q8WWY7	WFDC12	128488
Q8WWZ3	Q8WWZ3	EDARADD	128178
Q8WWZ7	Q8WWZ7	ABCA5	23461
Q8WX77	Q8WX77	IGFBPL1	347252
Q8WX92	Q8WX92	NELFB	25920
Q8WX93	Q8WX93	PALLD	23022
Q8WXA3	Q8WXA3	RUFY2	55680
Q8WXA9	Q8WXA9	SREK1	140890
Q8WXD2	Q8WXD2	SCG3	29106
Q8WXE0	Q8WXE0	CASKIN2	57513
Q8WXF1	Q8WXF1	PSPC1	55269
Q8WXF7	Q8WXF7	ATL1	51062
Q8WXG6	Q8WXG6	MADD	8567
Q8WXH0	Q8WXH0	SYNE2	23224
Q8WXI9	Q8WXI9	GATAD2B	57459
Q8WXU2	Q8WXU2	DNAAF4	161582
Q8WXX5	Q8WXX5	DNAJC9	23234
Q8WY22	Q8WY22	BRI3BP	140707
Q8WY36	Q8WY36	BBX	56987
Q8WY54	Q8WY54	PPM1E	22843
Q8WYA6	Q8WYA6	CTNNBL1	56259
Q8WYP5	Q8WYP5	AHCTF1	25909
Q8WZ42	Q8WZ42	TTN	7273
Q8WZ82	Q8WZ82	OVCA2	124641
Q8WZA0	Q8WZA0	LZIC	84328
Q8WZA1	Q8WZA1	POMGNT1	55624
Q8WZA2	Q8WZA2	RAPGEF4	11069
Q8WZA9	Q8WZA9	IRGQ	126298
Q92485	Q92485	SMPDL3B	27293
Q92499	Q92499	DDX1	1653
Q92503	Q92503	SEC14L1	6397
Q92504	Q92504	SLC39A7	7922
Q92506	Q92506	HSD17B8	7923
Q92520	Q92520	FAM3C	10447
Q92522	Q92522	H1-10	8971
Q92530	Q92530	PSMF1	9491
Q92538	Q92538	GBF1	8729
Q92541	Q92541	RTF1	23168
Q92542	Q92542	NCSTN	23385
Q92544	Q92544	TM9SF4	9777
Q92551	Q92551	IP6K1	9807
Q92552	Q92552	MRPS27	23107
Q92564	Q92564	DCUN1D4	23142
Q92572	Q92572	AP3S1	1176
Q92574	Q92574	TSC1	7248
Q92575	Q92575	UBXN4	23190
Q92576	Q92576	PHF3	23469
Q92581	Q92581	SLC9A6	10479
Q92597	Q92597	NDRG1	10397
Q92598	Q92598	HSPH1	10808
Q92599	Q92599	SEPTIN8	23176
Q92600	Q92600	CNOT9	9125
Q92604	Q92604	LPGAT1	9926
Q92609	Q92609	TBC1D5	9779
Q92610	Q92610	ZNF592	9640
Q92614	Q92614	MYO18A	399687
Q92615	Q92615	LARP4B	23185
Q92616	Q92616	GCN1	10985
Q92619	Q92619	ARHGAP45	23526
Q92620	Q92620	DHX38	9785
Q92621	Q92621	NUP205	23165
Q92626	Q92626	PXDN	7837
Q92629	Q92629	SGCD	6444
Q92643	Q92643	PIGK	10026
Q92665	Q92665	MRPS31	10240
Q92667	Q92667	AKAP1	8165
Q92673	Q92673	SORL1	6653
Q92688	Q92688	ANP32B	10541
Q92692	Q92692	NECTIN2	5819
Q92696	Q92696	RABGGTA	5875
Q92733	Q92733	PRCC	5546
Q92734	Q92734	TFG	10342
Q92747	Q92747	ARPC1A	10552
Q92752	Q92752	TNR	7143
Q92759	Q92759	GTF2H4	2968
Q92765	Q92765	FRZB	2487
Q92769	Q92769	HDAC2	3066
Q92783	Q92783	STAM	8027
Q92785	Q92785	DPF2	5977
Q92786	Q92786	PROX1	5629
Q92796	Q92796	DLG3	1741
Q92797	Q92797	SYMPK	8189
Q92804	Q92804	TAF15	8148
Q92805	Q92805	GOLGA1	2800
Q92817	Q92817	EVPL	2125
Q92820	Q92820	GGH	8836
Q92823	Q92823	NRCAM	4897
Q92841	Q92841	DDX17	10521
Q92843	Q92843	BCL2L2	599
Q92845	Q92845	KIFAP3	22920
Q92859	Q92859	NEO1	4756
Q92874	Q92874	DNASE1L2	1775
Q92878	Q92878	RAD50	10111
Q92879	Q92879	CELF1	10658
Q92882	Q92882	OSTF1	26578
Q92888	Q92888	ARHGEF1	9138
Q92889	Q92889	ERCC4	2072
Q92890	Q92890	UFD1	7353
Q92896	Q92896	GLG1	2734
Q92900	Q92900	UPF1	5976
Q92902	Q92902	HPS1	3257
Q92905	Q92905	COPS5	10987
Q92917	Q92917	GPKOW	27238
Q92922	Q92922	SMARCC1	6599
Q92925	Q92925	SMARCD2	6603
Q92930	Q92930	RAB8B	51762
Q92932	Q92932	PTPRN2	5799
Q92945	Q92945	KHSRP	8570
Q92947	Q92947	GCDH	2639
Q92953	Q92953	KCNB2	9312
Q92954	Q92954	PRG4	10216
Q92959	Q92959	SLCO2A1	6578
Q92973	Q92973	TNPO1	3842
Q92974	Q92974	ARHGEF2	9181
Q92989	Q92989	CLP1	10978
Q92994	Q92994	BRF1	2972
Q92995	Q92995	USP13	8975
Q92997	Q92997	DVL3	1857
Q93008	Q93008	USP9X	8239
Q93009	Q93009	USP7	7874
Q93034	Q93034	CUL5	8065
Q93045	Q93045	STMN2	11075
Q93050	Q93050	ATP6V0A1	535
Q93052	Q93052	LPP	4026
Q93062	Q93062	RBPMS	11030
Q93084	Q93084	ATP2A3	489
Q93099	Q93099	HGD	3081
Q93100	Q93100	PHKB	5257
Q969E2	Q969E2	SCAMP4	113178
Q969E3	Q969E3	UCN3	114131
Q969E4	Q969E4	TCEAL3	85012
Q969E8	Q969E8	TSR2	90121
Q969G3	Q969G3	SMARCE1	6605
Q969G5	Q969G5	CAVIN3	112464
Q969H4	Q969H4	CNKSR1	10256
Q969H8	Q969H8	MYDGF	56005
Q969I6	Q969I6	SLC38A4	55089
Q969J3	Q969J3	BORCS5	118426
Q969L2	Q969L2	MAL2	114569
Q969M3	Q969M3	YIPF5	81555
Q969M7	Q969M7	UBE2F	140739
Q969N2	Q969N2	PIGT	51604
Q969Q0	Q969Q0	RPL36AL	6166
Q969Q5	Q969Q5	RAB24	53917
Q969S2	Q969S2	NEIL2	252969
Q969S3	Q969S3	ZNF622	90441
Q969S9	Q969S9	GFM2	84340
Q969T7	Q969T7	NT5C3B	115024
Q969T9	Q969T9	WBP2	23558
Q969V3	Q969V3	NCLN	56926
Q969V5	Q969V5	MUL1	79594
Q969X1	Q969X1	TMBIM1	64114
Q969X5	Q969X5	ERGIC1	57222
Q969X6	Q969X6	UTP4	84916
Q969Z0	Q969Z0	TBRG4	9238
Q969Z3	Q969Z3	MTARC2	54996
Q96A26	Q96A26	FAM162A	26355
Q96A33	Q96A33	CCDC47	57003
Q96A35	Q96A35	MRPL24	79590
Q96A49	Q96A49	SYAP1	94056
Q96A57	Q96A57	TMEM230	29058
Q96A65	Q96A65	EXOC4	60412
Q96A72	Q96A72	MAGOHB	55110
Q96AA3	Q96AA3	RFT1	91869
Q96AB3	Q96AB3	ISOC2	79763
Q96AC1	Q96AC1	FERMT2	10979
Q96AE4	Q96AE4	FUBP1	8880
Q96AG3	Q96AG3	SLC25A46	91137
Q96AG4	Q96AG4	LRRC59	55379
Q96AJ9	Q96AJ9	VTI1A	143187
Q96AP7	Q96AP7	ESAM	90952
Q96AQ6	Q96AQ6	PBXIP1	57326
Q96AQ8	Q96AQ8	MCUR1	63933
Q96AT9	Q96AT9	RPE	6120
Q96AX1	Q96AX1	VPS33A	65082
Q96AZ6	Q96AZ6	ISG20	3669
Q96B23	Q96B23	ARK2N	147339
Q96B36	Q96B36	AKT1S1	84335
Q96B45	Q96B45	BORCS7	119032
Q96B49	Q96B49	TOMM6	100188893
Q96B97	Q96B97	SH3KBP1	30011
Q96BH1	Q96BH1	RNF25	64320
Q96BJ3	Q96BJ3	AIDA	64853
Q96BM9	Q96BM9	ARL8A	127829
Q96BP3	Q96BP3	PPWD1	23398
Q96BQ5	Q96BQ5	CCDC127	133957
Q96BS2	Q96BS2	TESC	54997
Q96BW1	Q96BW1	UPRT	139596
Q96BW5	Q96BW5	PTER	9317
Q96BW9	Q96BW9	TAMM41	132001
Q96BY6	Q96BY6	DOCK10	55619
Q96BY7	Q96BY7	ATG2B	55102
Q96BZ9	Q96BZ9	TBC1D20	128637
Q96C01	Q96C01	FAM136A	84908
Q96C11	Q96C11	FGGY	55277
Q96C19	Q96C19	EFHD2	79180
Q96C23	Q96C23	GALM	130589
Q96C34	Q96C34	RUNDC1	146923
Q96C36	Q96C36	PYCR2	29920
Q96C86	Q96C86	DCPS	28960
Q96C90	Q96C90	PPP1R14B	26472
Q96CB8	Q96CB8	INTS12	57117
Q96CB9	Q96CB9	NSUN4	387338
Q96CD0	Q96CD0	FBXL8	55336
Q96CF2	Q96CF2	CHMP4C	92421
Q96CM8	Q96CM8	ACSF2	80221
Q96CN4	Q96CN4	EVI5L	115704
Q96CN7	Q96CN7	ISOC1	51015
Q96CN9	Q96CN9	GCC1	79571
Q96CP2	Q96CP2	FLYWCH2	114984
Q96CP6	Q96CP6	GRAMD1A	57655
Q96CS3	Q96CS3	FAF2	23197
Q96CT7	Q96CT7	CCDC124	115098
Q96CU9	Q96CU9	FOXRED1	55572
Q96CV9	Q96CV9	OPTN	10133
Q96CW1	Q96CW1	AP2M1	1173
Q96CW5	Q96CW5	TUBGCP3	10426
Q96CX2	Q96CX2	KCTD12	115207
Q96D05	Q96D05	FAM241B	219738
Q96D15	Q96D15	RCN3	57333
Q96D46	Q96D46	NMD3	51068
Q96D53	Q96D53	COQ8B	79934
Q96D71	Q96D71	REPS1	85021
Q96DA0	Q96DA0	ZG16B	124220
Q96DA2	Q96DA2	RAB39B	116442
Q96DA6	Q96DA6	DNAJC19	131118
Q96DB5	Q96DB5	RMDN1	51115
Q96DC8	Q96DC8	ECHDC3	79746
Q96DE0	Q96DE0	NUDT16	131870
Q96DG6	Q96DG6	CMBL	134147
Q96DH6	Q96DH6	MSI2	124540
Q96DI7	Q96DI7	SNRNP40	9410
Q96DM3	Q96DM3	RMC1	29919
Q96DN0	Q96DN0	ERP27	121506
Q96DR8	Q96DR8	MUCL1	118430
Q96DV4	Q96DV4	MRPL38	64978
Q96DX5	Q96DX5	ASB9	140462
Q96DZ1	Q96DZ1	ERLEC1	27248
Q96E11	Q96E11	MRRF	92399
Q96E17	Q96E17	RAB3C	115827
Q96E39	Q96E39	RBMXL1	494115
Q96EB1	Q96EB1	ELP4	26610
Q96EC8	Q96EC8	YIPF6	286451
Q96ED9	Q96ED9	HOOK2	29911
Q96EE3	Q96EE3	SEH1L	81929
Q96EI5	Q96EI5	TCEAL4	79921
Q96EK5	Q96EK5	KIFBP	26128
Q96EK7	Q96EK7	FAM120B	84498
Q96EK9	Q96EK9	KTI12	112970
Q96EL2	Q96EL2	MRPS24	64951
Q96EL3	Q96EL3	MRPL53	116540
Q96EP0	Q96EP0	RNF31	55072
Q96EP5	Q96EP5	DAZAP1	26528
Q96EQ0	Q96EQ0	SGTB	54557
Q96ER3	Q96ER3	SAAL1	113174
Q96ER9	Q96ER9	CCDC51	79714
Q96ES7	Q96ES7	SGF29	112869
Q96ET8	Q96ET8	TVP23C	201158
Q96EU7	Q96EU7	C1GALT1C1	29071
Q96EV8	Q96EV8	DTNBP1	84062
Q96EY1	Q96EY1	DNAJA3	9093
Q96EY4	Q96EY4	TMA16	55319
Q96EY7	Q96EY7	PTCD3	55037
Q96EY8	Q96EY8	MMAB	326625
Q96F07	Q96F07	CYFIP2	26999
Q96F63	Q96F63	CCDC97	90324
Q96F86	Q96F86	EDC3	80153
Q96FC7	Q96FC7	PHYHIPL	84457
Q96FH0	Q96FH0	BORCS8	729991
Q96FJ2	Q96FJ2	DYNLL2	140735
Q96FQ6	Q96FQ6	S100A16	140576
Q96FS4	Q96FS4	SIPA1	6494
Q96FV2	Q96FV2	SCRN2	90507
Q96FV9	Q96FV9	THOC1	9984
Q96FW1	Q96FW1	OTUB1	55611
Q96FX8	Q96FX8	PERP	64065
Q96FZ5	Q96FZ5	CMTM7	112616
Q96FZ7	Q96FZ7	CHMP6	79643
Q96G03	Q96G03	PGM2	55276
Q96G21	Q96G21	IMP4	92856
Q96G23	Q96G23	CERS2	29956
Q96G28	Q96G28	CFAP36	112942
Q96G46	Q96G46	DUS3L	56931
Q96G97	Q96G97	BSCL2	26580
Q96GA7	Q96GA7	SDSL	113675
Q96GC5	Q96GC5	MRPL48	51642
Q96GC9	Q96GC9	VMP1	81671
Q96GD0	Q96GD0	PDXP	57026
Q96GG9	Q96GG9	DCUN1D1	54165
Q96GM5	Q96GM5	SMARCD1	6602
Q96GM8	Q96GM8	TOE1	114034
Q96GQ5	Q96GQ5	RUSF1	64755
Q96GQ7	Q96GQ7	DDX27	55661
Q96GS4	Q96GS4	BORCS6	54785
Q96GS6	Q96GS6	ABHD17A	81926
Q96GX2	Q96GX2	ATXN7L3B	552889
Q96GX9	Q96GX9	APIP	51074
Q96GY0	Q96GY0	ZC2HC1A	51101
Q96GZ6	Q96GZ6	SLC41A3	54946
Q96H20	Q96H20	SNF8	11267
Q96H79	Q96H79	ZC3HAV1L	92092
Q96HA1	Q96HA1	POM121	9883
Q96HC4	Q96HC4	PDLIM5	10611
Q96HD1	Q96HD1	CRELD1	78987
Q96HE7	Q96HE7	ERO1A	30001
Q96HH9	Q96HH9	GRAMD2B	65983
Q96HJ9	Q96HJ9	FMC1	154791
Q96HL8	Q96HL8	SH3YL1	26751
Q96HN2	Q96HN2	AHCYL2	23382
Q96HP0	Q96HP0	DOCK6	57572
Q96HQ2	Q96HQ2	CDKN2AIPNL	91368
Q96HR9	Q96HR9	REEP6	92840
Q96HS1	Q96HS1	PGAM5	192111
Q96HU1	Q96HU1	SGSM3	27352
Q96HW7	Q96HW7	INTS4	92105
Q96HY6	Q96HY6	DDRGK1	65992
Q96HY7	Q96HY7	DHTKD1	55526
Q96I15	Q96I15	SCLY	51540
Q96I24	Q96I24	FUBP3	8939
Q96I25	Q96I25	RBM17	84991
Q96I59	Q96I59	NARS2	79731
Q96I99	Q96I99	SUCLG2	8801
Q96IJ6	Q96IJ6	GMPPA	29926
Q96IP4	Q96IP4	TENT5A	55603
Q96IU2	Q96IU2	ZBED3	84327
Q96IU4	Q96IU4	ABHD14B	84836
Q96IV0	Q96IV0	NGLY1	55768
Q96IX5	Q96IX5	ATP5MK	84833
Q96IZ0	Q96IZ0	PAWR	5074
Q96IZ7	Q96IZ7	RSRC1	51319
Q96J01	Q96J01	THOC3	84321
Q96J42	Q96J42	TXNDC15	79770
Q96J87	Q96J87	CELF6	60677
Q96J92	Q96J92	WNK4	65266
Q96JB2	Q96JB2	COG3	83548
Q96JB5	Q96JB5	CDK5RAP3	80279
Q96JB6	Q96JB6	LOXL4	84171
Q96JC1	Q96JC1	VPS39	23339
Q96JE9	Q96JE9	MAP6	4135
Q96JG6	Q96JG6	VPS50	55610
Q96JH7	Q96JH7	VCPIP1	80124
Q96JJ3	Q96JJ3	ELMO2	63916
Q96JJ7	Q96JJ7	TMX3	54495
Q96JK2	Q96JK2	DCAF5	8816
Q96JM3	Q96JM3	CHAMP1	283489
Q96JP5	Q96JP5	ZFP91	80829
Q96JQ2	Q96JQ2	CLMN	79789
Q96JY6	Q96JY6	PDLIM2	64236
Q96K17	Q96K17	BTF3L4	91408
Q96K19	Q96K19	RNF170	81790
Q96K37	Q96K37	SLC35E1	79939
Q96K49	Q96K49	TMEM87B	84910
Q96K76	Q96K76	USP47	55031
Q96KA5	Q96KA5	CLPTM1L	81037
Q96KC8	Q96KC8	DNAJC1	64215
Q96KG9	Q96KG9	SCYL1	57410
Q96KM6	Q96KM6	ZNF512B	57473
Q96KN1	Q96KN1	LRATD2	157638
Q96KP1	Q96KP1	EXOC2	55770
Q96KP4	Q96KP4	CNDP2	55748
Q96KQ7	Q96KQ7	EHMT2	10919
Q96KR1	Q96KR1	ZFR	51663
Q96L46	Q96L46	CAPNS2	84290
Q96L58	Q96L58	B3GALT6	126792
Q96L91	Q96L91	EP400	57634
Q96L92	Q96L92	SNX27	81609
Q96LA8	Q96LA8	PRMT6	55170
Q96LB3	Q96LB3	IFT74	80173
Q96LD8	Q96LD8	SENP8	123228
Q96LJ7	Q96LJ7	DHRS1	115817
Q96LT7	Q96LT7	C9orf72	203228
Q96M27	Q96M27	PRRC1	133619
Q96M96	Q96M96	FGD4	121512
Q96ME1	Q96ME1	FBXL18	80028
Q96ME7	Q96ME7	ZNF512	84450
Q96MG8	Q96MG8	PCMTD1	115294
Q96MH6	Q96MH6	TMEM68	137695
Q96MM6	Q96MM6	HSPA12B	116835
Q96MU7	Q96MU7	YTHDC1	91746
Q96MW5	Q96MW5	COG8	84342
Q96MX6	Q96MX6	DNAAF10	116143
Q96MZ0	Q96MZ0	GDAP1L1	78997
Q96N16	Q96N16	JAKMIP1	152789
Q96N66	Q96N66	MBOAT7	79143
Q96N67	Q96N67	DOCK7	85440
Q96NB3	Q96NB3	ZNF830	91603
Q96NT0	Q96NT0	VMA22	84317
Q96NU1	Q96NU1	SAMD11	148398
Q96NY7	Q96NY7	CLIC6	54102
Q96P16	Q96P16	RPRD1A	55197
Q96P44	Q96P44	COL21A1	81578
Q96P47	Q96P47	AGAP3	116988
Q96P48	Q96P48	ARAP1	116985
Q96P63	Q96P63	SERPINB12	89777
Q96P70	Q96P70	IPO9	55705
Q96PC3	Q96PC3	AP1S3	130340
Q96PC5	Q96PC5	MIA2	4253
Q96PE2	Q96PE2	ARHGEF17	9828
Q96PE3	Q96PE3	INPP4A	3631
Q96PE7	Q96PE7	MCEE	84693
Q96PK6	Q96PK6	RBM14	10432
Q96PP8	Q96PP8	GBP5	115362
Q96PP9	Q96PP9	GBP4	115361
Q96PU4	Q96PU4	UHRF2	115426
Q96PU5	Q96PU5	NEDD4L	23327
Q96PZ0	Q96PZ0	PUS7	54517
Q96Q05	Q96Q05	TRAPPC9	83696
Q96Q11	Q96Q11	TRNT1	51095
Q96QA5	Q96QA5	GSDMA	284110
Q96QC0	Q96QC0	PPP1R10	5514
Q96QD8	Q96QD8	SLC38A2	54407
Q96QD9	Q96QD9	FYTTD1	84248
Q96QE2	Q96QE2	SLC2A13	114134
Q96QF0	Q96QF0	RAB3IP	117177
Q96QG7	Q96QG7	MTMR9	66036
Q96QK1	Q96QK1	VPS35	55737
Q96QR8	Q96QR8	PURB	5814
Q96QS3	Q96QS3	ARX	170302
Q96QU8	Q96QU8	XPO6	23214
Q96QZ7	Q96QZ7	MAGI1	9223
Q96RE7	Q96RE7	NACC1	112939
Q96RF0	Q96RF0	SNX18	112574
Q96RK0	Q96RK0	CIC	23152
Q96RK4	Q96RK4	BBS4	585
Q96RL7	Q96RL7	VPS13A	23230
Q96RP9	Q96RP9	GFM1	85476
Q96RQ1	Q96RQ1	ERGIC2	51290
Q96RQ3	Q96RQ3	MCCC1	56922
Q96RS0	Q96RS0	TGS1	96764
Q96RS6	Q96RS6	NUDCD1	84955
Q96RT1	Q96RT1	ERBIN	55914
Q96RT7	Q96RT7	TUBGCP6	85378
Q96RU3	Q96RU3	FNBP1	23048
Q96RY7	Q96RY7	IFT140	9742
Q96S15	Q96S15	WDR24	84219
Q96S19	Q96S19	METTL26	84326
Q96S44	Q96S44	TP53RK	112858
Q96S52	Q96S52	PIGS	94005
Q96S55	Q96S55	WRNIP1	56897
Q96S59	Q96S59	RANBP9	10048
Q96S66	Q96S66	CLCC1	23155
Q96S97	Q96S97	MYADM	91663
Q96SB3	Q96SB3	PPP1R9B	84687
Q96SB8	Q96SB8	SMC6	79677
Q96SI9	Q96SI9	STRBP	55342
Q96SK2	Q96SK2	TMEM209	84928
Q96SL4	Q96SL4	GPX7	2882
Q96ST2	Q96ST2	IWS1	55677
Q96ST3	Q96ST3	SIN3A	25942
Q96SU4	Q96SU4	OSBPL9	114883
Q96SW2	Q96SW2	CRBN	51185
Q96SY0	Q96SY0	INTS14	81556
Q96T17	Q96T17	MAP7D2	256714
Q96T23	Q96T23	RSF1	51773
Q96T37	Q96T37	RBM15	64783
Q96T51	Q96T51	RUFY1	80230
Q96T58	Q96T58	SPEN	23013
Q96T60	Q96T60	PNKP	11284
Q96T66	Q96T66	NMNAT3	349565
Q96T76	Q96T76	MMS19	64210
Q96T83	Q96T83	SLC9A7	84679
Q96TA1	Q96TA1	NIBAN2	64855
Q96TA2	Q96TA2	YME1L1	10730
Q96TC7	Q96TC7	RMDN3	55177
Q99259	Q99259	GAD1	2571
Q99417	Q99417	MYCBP	26292
Q99426	Q99426	TBCB	1155
Q99436	Q99436	PSMB7	5695
Q99439	Q99439	CNN2	1265
Q99442	Q99442	SEC62	7095
Q99447	Q99447	PCYT2	5833
Q99459	Q99459	CDC5L	988
Q99460	Q99460	PSMD1	5707
Q99471	Q99471	PFDN5	5204
Q99496	Q99496	RNF2	6045
Q99497	Q99497	PARK7	11315
Q99523	Q99523	SORT1	6272
Q99536	Q99536	VAT1	10493
Q99567	Q99567	NUP88	4927
Q99569	Q99569	PKP4	8502
Q99570	Q99570	PIK3R4	30849
Q99574	Q99574	SERPINI1	5274
Q99575	Q99575	POP1	10940
Q99584	Q99584	S100A13	6284
Q99590	Q99590	SCAF11	9169
Q99598	Q99598	TSNAX	7257
Q99611	Q99611	SEPHS2	22928
Q99613	Q99613	EIF3C	8663
Q99614	Q99614	TTC1	7265
Q99615	Q99615	DNAJC7	7266
Q99622	Q99622	C12orf57	113246
Q99623	Q99623	PHB2	11331
Q99627	Q99627	COPS8	10920
Q99633	Q99633	PRPF18	8559
Q99653	Q99653	CHP1	11261
Q99700	Q99700	ATXN2	6311
Q99707	Q99707	MTR	4548
Q99714	Q99714	HSD17B10	3028
Q99715	Q99715	COL12A1	1303
Q99719	Q99719	SEPTIN5	5413
Q99720	Q99720	SIGMAR1	10280
Q99729	Q99729	HNRNPAB	3182
Q99733	Q99733	NAP1L4	4676
Q99735	Q99735	MGST2	4258
Q99743	Q99743	NPAS2	4862
Q99747	Q99747	NAPG	8774
Q99757	Q99757	TXN2	25828
Q99766	Q99766	DMAC2L	27109
Q99798	Q99798	ACO2	50
Q99805	Q99805	TM9SF2	9375
Q99807	Q99807	COQ7	10229
Q99808	Q99808	SLC29A1	2030
Q99816	Q99816	TSG101	7251
Q99828	Q99828	CIB1	10519
Q99829	Q99829	CPNE1	8904
Q99832	Q99832	CCT7	10574
Q99836	Q99836	MYD88	4615
Q99848	Q99848	EBNA1BP2	10969
Q99873	Q99873	PRMT1	3276
Q99880	Q99880	H2BC13	8340
Q99895	Q99895	CTRC	11330
Q99933	Q99933	BAG1	573
Q99943	Q99943	AGPAT1	10554
Q99959	Q99959	PKP2	5318
Q99961	Q99961	SH3GL1	6455
Q99962	Q99962	SH3GL2	6456
Q99969	Q99969	RARRES2	5919
Q99986	Q99986	VRK1	7443
Q99996	Q99996	AKAP9	10142
Q9BPU9	Q9BPU9	B9D2	80776
Q9BPW8	Q9BPW8	NIPSNAP1	8508
Q9BPX5	Q9BPX5	ARPC5L	81873
Q9BPX6	Q9BPX6	MICU1	10367
Q9BPY8	Q9BPY8	HOPX	84525
Q9BPZ3	Q9BPZ3	PAIP2	51247
Q9BQ04	Q9BQ04	RBM4B	83759
Q9BQ13	Q9BQ13	KCTD14	65987
Q9BQ15	Q9BQ15	NABP2	79035
Q9BQ24	Q9BQ24	ZFYVE21	79038
Q9BQ39	Q9BQ39	DDX50	79009
Q9BQ49	Q9BQ49	SMIM7	79086
Q9BQ52	Q9BQ52	ELAC2	60528
Q9BQ61	Q9BQ61	TRIR	79002
Q9BQ67	Q9BQ67	GRWD1	83743
Q9BQ69	Q9BQ69	MACROD1	28992
Q9BQ70	Q9BQ70	TCF25	22980
Q9BQ95	Q9BQ95	ECSIT	51295
Q9BQA1	Q9BQA1	WDR77	79084
Q9BQA9	Q9BQA9	CYBC1	79415
Q9BQB6	Q9BQB6	VKORC1	79001
Q9BQC3	Q9BQC3	DPH2	1802
Q9BQC6	Q9BQC6	MRPL57	78988
Q9BQE3	Q9BQE3	TUBA1C	84790
Q9BQE4	Q9BQE4	SELENOS	55829
Q9BQE5	Q9BQE5	APOL2	23780
Q9BQG0	Q9BQG0	MYBBP1A	10514
Q9BQG2	Q9BQG2	NUDT12	83594
Q9BQS8	Q9BQS8	FYCO1	79443
Q9BR76	Q9BR76	CORO1B	57175
Q9BRA2	Q9BRA2	TXNDC17	84817
Q9BRB3	Q9BRB3	PIGQ	9091
Q9BRG1	Q9BRG1	VPS25	84313
Q9BRJ2	Q9BRJ2	MRPL45	84311
Q9BRJ6	Q9BRJ6	CHLSN	84310
Q9BRJ7	Q9BRJ7	NUDT16L1	84309
Q9BRK0	Q9BRK0	REEP2	51308
Q9BRK5	Q9BRK5	SDF4	51150
Q9BRP1	Q9BRP1	PDCD2L	84306
Q9BRP8	Q9BRP8	PYM1	84305
Q9BRQ6	Q9BRQ6	CHCHD6	84303
Q9BRQ8	Q9BRQ8	AIFM2	84883
Q9BRR6	Q9BRR6	ADPGK	83440
Q9BRR9	Q9BRR9	ARHGAP9	64333
Q9BRT2	Q9BRT2	UQCC2	84300
Q9BRT3	Q9BRT3	MIEN1	84299
Q9BRX2	Q9BRX2	PELO	53918
Q9BRX8	Q9BRX8	PRXL2A	84293
Q9BRZ2	Q9BRZ2	TRIM56	81844
Q9BS26	Q9BS26	ERP44	23071
Q9BS40	Q9BS40	LXN	56925
Q9BS92	Q9BS92	NIPSNAP3B	55335
Q9BSC4	Q9BSC4	NOL10	79954
Q9BSD7	Q9BSD7	NTPCR	84284
Q9BSF4	Q9BSF4	TIMM29	90580
Q9BSH4	Q9BSH4	TACO1	51204
Q9BSH5	Q9BSH5	HDHD3	81932
Q9BSJ2	Q9BSJ2	TUBGCP2	10844
Q9BSJ8	Q9BSJ8	ESYT1	23344
Q9BSQ5	Q9BSQ5	CCM2	83605
Q9BSR8	Q9BSR8	YIPF4	84272
Q9BSW2	Q9BSW2	CRACR2A	84766
Q9BSW7	Q9BSW7	SYT17	51760
Q9BT09	Q9BT09	CNPY3	10695
Q9BT17	Q9BT17	MTG1	92170
Q9BT22	Q9BT22	ALG1	56052
Q9BT25	Q9BT25	HAUS8	93323
Q9BT30	Q9BT30	ALKBH7	84266
Q9BT67	Q9BT67	NDFIP1	80762
Q9BT73	Q9BT73	PSMG3	84262
Q9BT78	Q9BT78	COPS4	51138
Q9BTA9	Q9BTA9	WAC	51322
Q9BTC0	Q9BTC0	DIDO1	11083
Q9BTD8	Q9BTD8	RBM42	79171
Q9BTE1	Q9BTE1	DCTN5	84516
Q9BTE3	Q9BTE3	MCMBP	79892
Q9BTE6	Q9BTE6	AARSD1	80755
Q9BTT0	Q9BTT0	ANP32E	81611
Q9BTT6	Q9BTT6	LRRC1	55227
Q9BTU6	Q9BTU6	PI4K2A	55361
Q9BTV4	Q9BTV4	TMEM43	79188
Q9BTW9	Q9BTW9	TBCD	6904
Q9BTY2	Q9BTY2	FUCA2	2519
Q9BTZ2	Q9BTZ2	DHRS4	10901
Q9BU23	Q9BU23	LMF2	91289
Q9BU61	Q9BU61	NDUFAF3	25915
Q9BU68	Q9BU68	PRR15L	79170
Q9BU76	Q9BU76	MMTAG2	79169
Q9BUB5	Q9BUB5	MKNK1	8569
Q9BUD6	Q9BUD6	SPON2	10417
Q9BUF5	Q9BUF5	TUBB6	84617
Q9BUH6	Q9BUH6	PAXX	286257
Q9BUJ0	Q9BUJ0	ABHD14A	25864
Q9BUJ2	Q9BUJ2	HNRNPUL1	11100
Q9BUK0	Q9BUK0	CHCHD7	79145
Q9BUL8	Q9BUL8	PDCD10	11235
Q9BUM1	Q9BUM1	G6PC3	92579
Q9BUN8	Q9BUN8	DERL1	79139
Q9BUP3	Q9BUP3	HTATIP2	10553
Q9BUQ8	Q9BUQ8	DDX23	9416
Q9BUR4	Q9BUR4	WRAP53	55135
Q9BUR5	Q9BUR5	APOO	79135
Q9BUT1	Q9BUT1	BDH2	56898
Q9BUW7	Q9BUW7	BBLN	79095
Q9BV19	Q9BV19	C1orf50	79078
Q9BV20	Q9BV20	MRI1	84245
Q9BV23	Q9BV23	ABHD6	57406
Q9BV38	Q9BV38	WDR18	57418
Q9BV40	Q9BV40	VAMP8	8673
Q9BV44	Q9BV44	THUMPD3	25917
Q9BV57	Q9BV57	ADI1	55256
Q9BV73	Q9BV73	CEP250	11190
Q9BV79	Q9BV79	MECR	51102
Q9BV86	Q9BV86	NTMT1	28989
Q9BVA1	Q9BVA1	TUBB2B	347733
Q9BVA6	Q9BVA6	FICD	11153
Q9BVC4	Q9BVC4	MLST8	64223
Q9BVC6	Q9BVC6	TMEM109	79073
Q9BVG4	Q9BVG4	PBDC1	51260
Q9BVG9	Q9BVG9	PTDSS2	81490
Q9BVI4	Q9BVI4	NOC4L	79050
Q9BVJ6	Q9BVJ6	UTP14A	10813
Q9BVJ7	Q9BVJ7	DUSP23	54935
Q9BVK6	Q9BVK6	TMED9	54732
Q9BVL2	Q9BVL2	NUP58	9818
Q9BVL4	Q9BVL4	SELENOO	83642
Q9BVM2	Q9BVM2	DPCD	25911
Q9BVM4	Q9BVM4	GGACT	87769
Q9BVP2	Q9BVP2	GNL3	26354
Q9BVQ7	Q9BVQ7	AFG2B	79029
Q9BVT8	Q9BVT8	TMUB1	83590
Q9BW04	Q9BW04	SARG	79098
Q9BW27	Q9BW27	NUP85	79902
Q9BW30	Q9BW30	TPPP3	51673
Q9BW60	Q9BW60	ELOVL1	64834
Q9BW61	Q9BW61	DDA1	79016
Q9BW62	Q9BW62	KATNAL1	84056
Q9BW72	Q9BW72	HIGD2A	192286
Q9BW85	Q9BW85	YJU2	55702
Q9BW91	Q9BW91	NUDT9	53343
Q9BW92	Q9BW92	TARS2	80222
Q9BWD1	Q9BWD1	ACAT2	39
Q9BWF3	Q9BWF3	RBM4	5936
Q9BWG4	Q9BWG4	SSBP4	170463
Q9BWH2	Q9BWH2	FUNDC2	65991
Q9BWH6	Q9BWH6	RPAP1	26015
Q9BWJ5	Q9BWJ5	SF3B5	83443
Q9BWM7	Q9BWM7	SFXN3	81855
Q9BWQ6	Q9BWQ6	YIPF2	78992
Q9BWS9	Q9BWS9	CHID1	66005
Q9BWU0	Q9BWU0	SLC4A1AP	22950
Q9BX40	Q9BX40	LSM14B	149986
Q9BX59	Q9BX59	TAPBPL	55080
Q9BX63	Q9BX63	BRIP1	83990
Q9BX66	Q9BX66	SORBS1	10580
Q9BX67	Q9BX67	JAM3	83700
Q9BX68	Q9BX68	HINT2	84681
Q9BX97	Q9BX97	PLVAP	83483
Q9BXB5	Q9BXB5	OSBPL10	114884
Q9BXC9	Q9BXC9	BBS2	583
Q9BXF6	Q9BXF6	RAB11FIP5	26056
Q9BXI6	Q9BXI6	TBC1D10A	83874
Q9BXJ8	Q9BXJ8	TMEM120A	83862
Q9BXJ9	Q9BXJ9	NAA15	80155
Q9BXK1	Q9BXK1	KLF16	83855
Q9BXK5	Q9BXK5	BCL2L13	23786
Q9BXM0	Q9BXM0	PRX	57716
Q9BXM9	Q9BXM9	FSD1L	83856
Q9BXN1	Q9BXN1	ASPN	54829
Q9BXN2	Q9BXN2	CLEC7A	64581
Q9BXP2	Q9BXP2	SLC12A9	56996
Q9BXP5	Q9BXP5	SRRT	51593
Q9BXP8	Q9BXP8	PAPPA2	60676
Q9BXR0	Q9BXR0	QTRT1	81890
Q9BXS5	Q9BXS5	AP1M1	8907
Q9BXT2	Q9BXT2	CACNG6	59285
Q9BXV9	Q9BXV9	GON7	84520
Q9BXW7	Q9BXW7	HDHD5	27440
Q9BXY0	Q9BXY0	MAK16	84549
Q9BY32	Q9BY32	ITPA	3704
Q9BY42	Q9BY42	RTF2	51507
Q9BY43	Q9BY43	CHMP4A	29082
Q9BY44	Q9BY44	EIF2A	83939
Q9BY50	Q9BY50	SEC11C	90701
Q9BY67	Q9BY67	CADM1	23705
Q9BY77	Q9BY77	POLDIP3	84271
Q9BYB0	Q9BYB0	SHANK3	85358
Q9BYC5	Q9BYC5	FUT8	2530
Q9BYC8	Q9BYC8	MRPL32	64983
Q9BYC9	Q9BYC9	MRPL20	55052
Q9BYD1	Q9BYD1	MRPL13	28998
Q9BYD2	Q9BYD2	MRPL9	65005
Q9BYD3	Q9BYD3	MRPL4	51073
Q9BYD6	Q9BYD6	MRPL1	65008
Q9BYF1	Q9BYF1	ACE2	59272
Q9BYG3	Q9BYG3	NIFK	84365
Q9BYH1	Q9BYH1	SEZ6L	23544
Q9BYI3	Q9BYI3	HYCC1	84668
Q9BYJ1	Q9BYJ1	ALOXE3	59344
Q9BYJ9	Q9BYJ9	YTHDF1	54915
Q9BYK8	Q9BYK8	HELZ2	85441
Q9BYM8	Q9BYM8	RBCK1	10616
Q9BYN0	Q9BYN0	SRXN1	140809
Q9BYN8	Q9BYN8	MRPS26	64949
Q9BYV8	Q9BYV8	CEP41	95681
Q9BYX7	Q9BYX7	POTEKP	440915
Q9BZ29	Q9BZ29	DOCK9	23348
Q9BZE1	Q9BZE1	MRPL37	51253
Q9BZE4	Q9BZE4	GTPBP4	23560
Q9BZE9	Q9BZE9	ASPSCR1	79058
Q9BZF1	Q9BZF1	OSBPL8	114882
Q9BZF9	Q9BZF9	UACA	55075
Q9BZG1	Q9BZG1	RAB34	83871
Q9BZH6	Q9BZH6	WDR11	55717
Q9BZI7	Q9BZI7	UPF3B	65109
Q9BZJ0	Q9BZJ0	CRNKL1	51340
Q9BZK7	Q9BZK7	TBL1XR1	79718
Q9BZL1	Q9BZL1	UBL5	59286
Q9BZL4	Q9BZL4	PPP1R12C	54776
Q9BZL6	Q9BZL6	PRKD2	25865
Q9BZQ6	Q9BZQ6	EDEM3	80267
Q9BZQ8	Q9BZQ8	NIBAN1	116496
Q9BZV1	Q9BZV1	UBXN6	80700
Q9BZW7	Q9BZW7	TSGA10	80705
Q9BZX2	Q9BZX2	UCK2	7371
Q9BZZ5	Q9BZZ5	API5	8539
Q9C002	Q9C002	NMES1	84419
Q9C005	Q9C005	DPY30	84661
Q9C026	Q9C026	TRIM9	114088
Q9C037	Q9C037	TRIM4	89122
Q9C040	Q9C040	TRIM2	23321
Q9C075	Q9C075	KRT23	25984
Q9C0B0	Q9C0B0	UNK	85451
Q9C0B1	Q9C0B1	FTO	79068
Q9C0B5	Q9C0B5	ZDHHC5	25921
Q9C0C2	Q9C0C2	TNKS1BP1	85456
Q9C0C9	Q9C0C9	UBE2O	63893
Q9C0D9	Q9C0D9	SELENOI	85465
Q9C0E2	Q9C0E2	XPO4	64328
Q9C0E8	Q9C0E8	LNPK	80856
Q9C0F1	Q9C0F1	CEP44	80817
Q9C0H9	Q9C0H9	SRCIN1	80725
Q9C0J8	Q9C0J8	WDR33	55339
Q9GZM5	Q9GZM5	YIPF3	25844
Q9GZM7	Q9GZM7	TINAGL1	64129
Q9GZM8	Q9GZM8	NDEL1	81565
Q9GZN7	Q9GZN7	ROGDI	79641
Q9GZP4	Q9GZP4	PITHD1	57095
Q9GZP9	Q9GZP9	DERL2	51009
Q9GZQ3	Q9GZQ3	COMMD5	28991
Q9GZR7	Q9GZR7	DDX24	57062
Q9GZS3	Q9GZS3	SKIC8	80349
Q9GZT3	Q9GZT3	SLIRP	81892
Q9GZT6	Q9GZT6	CCDC90B	60492
Q9GZT8	Q9GZT8	NIF3L1	60491
Q9GZU1	Q9GZU1	MCOLN1	57192
Q9GZU7	Q9GZU7	CTDSP1	58190
Q9GZU8	Q9GZU8	PSME3IP1	80011
Q9GZY8	Q9GZY8	MFF	56947
Q9GZZ1	Q9GZZ1	NAA50	80218
Q9GZZ9	Q9GZZ9	UBA5	79876
Q9H008	Q9H008	LHPP	64077
Q9H019	Q9H019	MTFR1L	56181
Q9H061	Q9H061	TMEM126A	84233
Q9H074	Q9H074	PAIP1	10605
Q9H078	Q9H078	CLPB	81570
Q9H082	Q9H082	RAB33B	83452
Q9H089	Q9H089	LSG1	55341
Q9H0A0	Q9H0A0	NAT10	55226
Q9H0A8	Q9H0A8	COMMD4	54939
Q9H0B6	Q9H0B6	KLC2	64837
Q9H0C8	Q9H0C8	ILKAP	80895
Q9H0D6	Q9H0D6	XRN2	22803
Q9H0E2	Q9H0E2	TOLLIP	54472
Q9H0E9	Q9H0E9	BRD8	10902
Q9H0F7	Q9H0F7	ARL6	84100
Q9H0H0	Q9H0H0	INTS2	57508
Q9H0J9	Q9H0J9	PARP12	64761
Q9H0L4	Q9H0L4	CSTF2T	23283
Q9H0N5	Q9H0N5	PCBD2	84105
Q9H0P0	Q9H0P0	NT5C3A	51251
Q9H0Q3	Q9H0Q3	FXYD6	53826
Q9H0R4	Q9H0R4	HDHD2	84064
Q9H0S4	Q9H0S4	DDX47	51202
Q9H0U3	Q9H0U3	MAGT1	84061
Q9H0U4	Q9H0U4	RAB1B	81876
Q9H0U6	Q9H0U6	MRPL18	29074
Q9H0V9	Q9H0V9	LMAN2L	81562
Q9H0W8	Q9H0W8	SMG9	56006
Q9H0W9	Q9H0W9	C11orf54	28970
Q9H0X4	Q9H0X4	FAM234A	83986
Q9H115	Q9H115	NAPB	63908
Q9H147	Q9H147	DNTTIP1	116092
Q9H173	Q9H173	SIL1	64374
Q9H1A4	Q9H1A4	ANAPC1	64682
Q9H1B7	Q9H1B7	IRF2BPL	64207
Q9H1C7	Q9H1C7	CYSTM1	84418
Q9H1E1	Q9H1E1	RNASE7	84659
Q9H1E3	Q9H1E3	NUCKS1	64710
Q9H1E5	Q9H1E5	TMX4	56255
Q9H1H9	Q9H1H9	KIF13A	63971
Q9H1I8	Q9H1I8	ASCC2	84164
Q9H1K1	Q9H1K1	ISCU	23479
Q9H1P3	Q9H1P3	OSBPL2	9885
Q9H1V8	Q9H1V8	SLC6A17	388662
Q9H1X3	Q9H1X3	DNAJC25	548645
Q9H1Y0	Q9H1Y0	ATG5	9474
Q9H1Z4	Q9H1Z4	WDR13	64743
Q9H223	Q9H223	EHD4	30844
Q9H254	Q9H254	SPTBN4	57731
Q9H267	Q9H267	VPS33B	26276
Q9H269	Q9H269	VPS16	64601
Q9H270	Q9H270	VPS11	55823
Q9H299	Q9H299	SH3BGRL3	83442
Q9H2C0	Q9H2C0	GAN	8139
Q9H2D6	Q9H2D6	TRIOBP	11078
Q9H2F3	Q9H2F3	HSD3B7	80270
Q9H2G2	Q9H2G2	SLK	9748
Q9H2J4	Q9H2J4	PDCL3	79031
Q9H2K0	Q9H2K0	MTIF3	219402
Q9H2K8	Q9H2K8	TAOK3	51347
Q9H2M9	Q9H2M9	RAB3GAP2	25782
Q9H2P0	Q9H2P0	ADNP	23394
Q9H2U1	Q9H2U1	DHX36	170506
Q9H2U2	Q9H2U2	PPA2	27068
Q9H2V7	Q9H2V7	SPNS1	83985
Q9H2W6	Q9H2W6	MRPL46	26589
Q9H307	Q9H307	PNN	5411
Q9H329	Q9H329	EPB41L4B	54566
Q9H330	Q9H330	TMEM245	23731
Q9H3G5	Q9H3G5	CPVL	54504
Q9H3H3	Q9H3H3	C11orf68	83638
Q9H3H9	Q9H3H9	TCEAL2	140597
Q9H3K6	Q9H3K6	BOLA2; BOLA2B	552900
Q9H3N1	Q9H3N1	TMX1	81542
Q9H3P2	Q9H3P2	NELFA	7469
Q9H3P7	Q9H3P7	ACBD3	64746
Q9H3Q1	Q9H3Q1	CDC42EP4	23580
Q9H3R2	Q9H3R2	MUC13	56667
Q9H3S7	Q9H3S7	PTPN23	25930
Q9H3U1	Q9H3U1	UNC45A	55898
Q9H3U5	Q9H3U5	MFSD1	64747
Q9H3Y8	Q9H3Y8	PPDPF	79144
Q9H3Z4	Q9H3Z4	DNAJC5	80331
Q9H425	Q9H425	C1orf198	84886
Q9H444	Q9H444	CHMP4B	128866
Q9H446	Q9H446	RWDD1	51389
Q9H469	Q9H469	FBXL15	79176
Q9H479	Q9H479	FN3K	64122
Q9H488	Q9H488	POFUT1	23509
Q9H4A3	Q9H4A3	WNK1	65125
Q9H4A4	Q9H4A4	RNPEP	6051
Q9H4A5	Q9H4A5	GOLPH3L	55204
Q9H4A6	Q9H4A6	GOLPH3	64083
Q9H4B0	Q9H4B0	OSGEPL1	64172
Q9H4F8	Q9H4F8	SMOC1	64093
Q9H4G0	Q9H4G0	EPB41L1	2036
Q9H4G4	Q9H4G4	GLIPR2	152007
Q9H4I2	Q9H4I2	ZHX3	23051
Q9H4L7	Q9H4L7	SMARCAD1	56916
Q9H4M9	Q9H4M9	EHD1	10938
Q9H4P4	Q9H4P4	RNF41	10193
Q9H4Z3	Q9H4Z3	PCIF1	63935
Q9H553	Q9H553	ALG2	85365
Q9H583	Q9H583	HEATR1	55127
Q9H5N1	Q9H5N1	RABEP2	79874
Q9H5V8	Q9H5V8	CDCP1	64866
Q9H5X1	Q9H5X1	CIAO2A	84191
Q9H6F5	Q9H6F5	CCDC86	79080
Q9H6H4	Q9H6H4	REEP4	80346
Q9H6K1	Q9H6K1	ILRUN	64771
Q9H6K5	Q9H6K5	PRR36	80164
Q9H6Q4	Q9H6Q4	CIAO3	64428
Q9H6R4	Q9H6R4	NOL6	65083
Q9H6S0	Q9H6S0	YTHDC2	64848
Q9H6S1	Q9H6S1	AZI2	64343
Q9H6S3	Q9H6S3	EPS8L2	64787
Q9H6T3	Q9H6T3	RPAP3	79657
Q9H6U8	Q9H6U8	ALG9	79796
Q9H6V9	Q9H6V9	LDAH	60526
Q9H6W3	Q9H6W3	RIOX1	79697
Q9H6Z4	Q9H6Z4	RANBP3	8498
Q9H773	Q9H773	DCTPP1	79077
Q9H7B2	Q9H7B2	RPF2	84154
Q9H7B4	Q9H7B4	SMYD3	64754
Q9H7C9	Q9H7C9	AAMDC	28971
Q9H7D7	Q9H7D7	WDR26	80232
Q9H7E2	Q9H7E2	TDRD3	81550
Q9H7J1	Q9H7J1	PPP1R3E	90673
Q9H7N4	Q9H7N4	SCAF1	58506
Q9H7Z6	Q9H7Z6	KAT8	84148
Q9H7Z7	Q9H7Z7	PTGES2	80142
Q9H814	Q9H814	PHAX	51808
Q9H832	Q9H832	UBE2Z	65264
Q9H841	Q9H841	NIPAL2	79815
Q9H845	Q9H845	ACAD9	28976
Q9H857	Q9H857	NT5DC2	64943
Q9H8G2	Q9H8G2	CAAP1	79886
Q9H8H2	Q9H8H2	DDX31	64794
Q9H8H3	Q9H8H3	TMT1A	25840
Q9H8L6	Q9H8L6	MMRN2	79812
Q9H8M2	Q9H8M2	BRD9	65980
Q9H8M5	Q9H8M5	CNNM2	54805
Q9H8T0	Q9H8T0	AKTIP	64400
Q9H8W4	Q9H8W4	PLEKHF2	79666
Q9H8Y8	Q9H8Y8	GORASP2	26003
Q9H910	Q9H910	JPT2	90861
Q9H936	Q9H936	SLC25A22	79751
Q9H974	Q9H974	QTRT2	79691
Q9H993	Q9H993	ARMT1	79624
Q9H9A5	Q9H9A5	CNOT10	25904
Q9H9A6	Q9H9A6	LRRC40	55631
Q9H9B4	Q9H9B4	SFXN1	94081
Q9H9C1	Q9H9C1	VIPAS39	63894
Q9H9E3	Q9H9E3	COG4	25839
Q9H9F9	Q9H9F9	ACTR5	79913
Q9H9G7	Q9H9G7	AGO3	192669
Q9H9H4	Q9H9H4	VPS37B	79720
Q9H9J2	Q9H9J2	MRPL44	65080
Q9H9P8	Q9H9P8	L2HGDH	79944
Q9H9Q2	Q9H9Q2	COPS7B	64708
Q9H9S4	Q9H9S4	CAB39L	81617
Q9H9T3	Q9H9T3	ELP3	55140
Q9HA47	Q9HA47	UCK1	83549
Q9HA64	Q9HA64	FN3KRP	79672
Q9HA65	Q9HA65	TBC1D17	79735
Q9HA77	Q9HA77	CARS2	79587
Q9HAB8	Q9HAB8	PPCS	79717
Q9HAD4	Q9HAD4	WDR41	55255
Q9HAF1	Q9HAF1	MEAF6	64769
Q9HAN9	Q9HAN9	NMNAT1	64802
Q9HAU0	Q9HAU0	PLEKHA5	54477
Q9HAU5	Q9HAU5	UPF2	26019
Q9HAV4	Q9HAV4	XPO5	57510
Q9HAV7	Q9HAV7	GRPEL1	80273
Q9HB07	Q9HB07	MYG1	60314
Q9HB21	Q9HB21	PLEKHA1	59338
Q9HB40	Q9HB40	SCPEP1	59342
Q9HB71	Q9HB71	CACYBP	27101
Q9HBF4	Q9HBF4	ZFYVE1	53349
Q9HBG6	Q9HBG6	IFT122	55764
Q9HBH5	Q9HBH5	RDH14	57665
Q9HBL0	Q9HBL0	TNS1	7145
Q9HBL7	Q9HBL7	PLGRKT	55848
Q9HBR0	Q9HBR0	SLC38A10	124565
Q9HC07	Q9HC07	TMEM165	55858
Q9HC35	Q9HC35	EML4	27436
Q9HC36	Q9HC36	MRM3	55178
Q9HC38	Q9HC38	GLOD4	51031
Q9HC52	Q9HC52	CBX8	57332
Q9HC78	Q9HC78	ZBTB20	26137
Q9HC98	Q9HC98	NEK6	10783
Q9HCB6	Q9HCB6	SPON1	10418
Q9HCC0	Q9HCC0	MCCC2	64087
Q9HCD5	Q9HCD5	NCOA5	57727
Q9HCD6	Q9HCD6	TANC2	26115
Q9HCE1	Q9HCE1	MOV10	4343
Q9HCE5	Q9HCE5	METTL14	57721
Q9HCE6	Q9HCE6	ARHGEF10L	55160
Q9HCG8	Q9HCG8	CWC22	57703
Q9HCJ1	Q9HCJ1	ANKH	56172
Q9HCJ6	Q9HCJ6	VAT1L	57687
Q9HCK4	Q9HCK4	ROBO2	6092
Q9HCM4	Q9HCM4	EPB41L5	57669
Q9HCN4	Q9HCN4	GPN1	11321
Q9HCN8	Q9HCN8	SDF2L1	23753
Q9HCP6	Q9HCP6	HHATL	57467
Q9HCS7	Q9HCS7	XAB2	56949
Q9HCU5	Q9HCU5	PREB	10113
Q9HCY8	Q9HCY8	S100A14	57402
Q9HD15	Q9HD15	SRA1	10011
Q9HD20	Q9HD20	ATP13A1	57130
Q9HD26	Q9HD26	GOPC	57120
Q9HD33	Q9HD33	MRPL47	57129
Q9HD40	Q9HD40	SEPSECS	51091
Q9HD42	Q9HD42	CHMP1A	5119
Q9HD45	Q9HD45	TM9SF3	56889
Q9HDC9	Q9HDC9	APMAP	57136
Q9NNW5	Q9NNW5	WDR6	11180
Q9NNW7	Q9NNW7	TXNRD2	10587
Q9NP58	Q9NP58	ABCB6	10058
Q9NP61	Q9NP61	ARFGAP3	26286
Q9NP66	Q9NP66	HMG20A	10363
Q9NP72	Q9NP72	RAB18	22931
Q9NP73	Q9NP73	ALG13	79868
Q9NP74	Q9NP74	PALMD	54873
Q9NP77	Q9NP77	SSU72	29101
Q9NP79	Q9NP79	VTA1	51534
Q9NP80	Q9NP80	PNPLA8	50640
Q9NP81	Q9NP81	SARS2	54938
Q9NP90	Q9NP90	RAB9B	51209
Q9NP92	Q9NP92	MRPS30	10884
Q9NP97	Q9NP97	DYNLRB1	83658
Q9NPA0	Q9NPA0	EMC7	56851
Q9NPA8	Q9NPA8	ENY2	56943
Q9NPD3	Q9NPD3	EXOSC4	54512
Q9NPE2	Q9NPE2	NGRN	51335
Q9NPF4	Q9NPF4	OSGEP	55644
Q9NPF5	Q9NPF5	DMAP1	55929
Q9NPH0	Q9NPH0	ACP6	51205
Q9NPH2	Q9NPH2	ISYNA1	51477
Q9NPI6	Q9NPI6	DCP1A	55802
Q9NPJ3	Q9NPJ3	ACOT13	55856
Q9NPJ6	Q9NPJ6	MED4	29079
Q9NPL8	Q9NPL8	TIMMDC1	51300
Q9NPQ8	Q9NPQ8	RIC8A	60626
Q9NPR9	Q9NPR9	GPR108	56927
Q9NQ29	Q9NQ29	LUC7L	55692
Q9NQ48	Q9NQ48	LZTFL1	54585
Q9NQ50	Q9NQ50	MRPL40	64976
Q9NQ55	Q9NQ55	PPAN	56342
Q9NQ66	Q9NQ66	PLCB1	23236
Q9NQ89	Q9NQ89	FERRY3	57102
Q9NQ94	Q9NQ94	A1CF	29974
Q9NQC1	Q9NQC1	JADE2	23338
Q9NQC3	Q9NQC3	RTN4	57142
Q9NQE9	Q9NQE9	HINT3	135114
Q9NQG5	Q9NQG5	RPRD1B	58490
Q9NQG6	Q9NQG6	MIEF1	NA
Q9NQH7	Q9NQH7	XPNPEP3	63929
Q9NQL2	Q9NQL2	RRAGD	58528
Q9NQP4	Q9NQP4	PFDN4	5203
Q9NQR4	Q9NQR4	NIT2	56954
Q9NQR9	Q9NQR9	G6PC2	57818
Q9NQS1	Q9NQS1	AVEN	57099
Q9NQS3	Q9NQS3	NECTIN3	25945
Q9NQT5	Q9NQT5	EXOSC3	51010
Q9NQT8	Q9NQT8	KIF13B	23303
Q9NQW7	Q9NQW7	XPNPEP1	7511
Q9NQX3	Q9NQX3	GPHN	10243
Q9NQX4	Q9NQX4	MYO5C	55930
Q9NQX5	Q9NQX5	NPDC1	56654
Q9NQZ2	Q9NQZ2	UTP3	57050
Q9NR09	Q9NR09	BIRC6	57448
Q9NR12	Q9NR12	PDLIM7	9260
Q9NR19	Q9NR19	ACSS2	55902
Q9NR28	Q9NR28	DIABLO	56616
Q9NR30	Q9NR30	DDX21	9188
Q9NR31	Q9NR31	SAR1A	56681
Q9NR34	Q9NR34	MAN1C1	57134
Q9NR45	Q9NR45	NANS	54187
Q9NR46	Q9NR46	SH3GLB2	56904
Q9NR50	Q9NR50	EIF2B3	8891
Q9NR56	Q9NR56	MBNL1	4154
Q9NRA2	Q9NRA2	SLC17A5	26503
Q9NRA8	Q9NRA8	EIF4ENIF1	56478
Q9NRC1	Q9NRC1	ST7	7982
Q9NRC6	Q9NRC6	SPTBN5	51332
Q9NRD5	Q9NRD5	PICK1	9463
Q9NRF2	Q9NRF2	SH2B1	25970
Q9NRF8	Q9NRF8	CTPS2	56474
Q9NRF9	Q9NRF9	POLE3	54107
Q9NRG1	Q9NRG1	PRTFDC1	56952
Q9NRG7	Q9NRG7	SDR39U1	56948
Q9NRG9	Q9NRG9	AAAS	8086
Q9NRL3	Q9NRL3	STRN4	29888
Q9NRN5	Q9NRN5	OLFML3	56944
Q9NRN7	Q9NRN7	AASDHPPT	60496
Q9NRP0	Q9NRP0	OSTC	58505
Q9NRR5	Q9NRR5	UBQLN4	56893
Q9NRS6	Q9NRS6	SNX15	29907
Q9NRV9	Q9NRV9	HEBP1	50865
Q9NRW1	Q9NRW1	RAB6B	51560
Q9NRW7	Q9NRW7	VPS45	11311
Q9NRX2	Q9NRX2	MRPL17	63875
Q9NRX4	Q9NRX4	PHPT1	29085
Q9NRX5	Q9NRX5	SERINC1	57515
Q9NRY2	Q9NRY2	INIP	58493
Q9NRY4	Q9NRY4	ARHGAP35	2909
Q9NRY5	Q9NRY5	FAM114A2	10827
Q9NRZ7	Q9NRZ7	AGPAT3	56894
Q9NS00	Q9NS00	C1GALT1	56913
Q9NS69	Q9NS69	TOMM22	56993
Q9NS86	Q9NS86	LANCL2	55915
Q9NSD9	Q9NSD9	FARSB	10056
Q9NSE4	Q9NSE4	IARS2	55699
Q9NSK0	Q9NSK0	KLC4	89953
Q9NSY1	Q9NSY1	BMP2K	55589
Q9NT62	Q9NT62	ATG3	64422
Q9NTG7	Q9NTG7	SIRT3	23410
Q9NTI5	Q9NTI5	PDS5B	23047
Q9NTJ4	Q9NTJ4	MAN2C1	4123
Q9NTJ5	Q9NTJ5	SACM1L	22908
Q9NTK1	Q9NTK1	DEPP1	11067
Q9NTK5	Q9NTK5	OLA1	29789
Q9NTU7	Q9NTU7	CBLN4	140689
Q9NTX5	Q9NTX5	ECHDC1	55862
Q9NTZ6	Q9NTZ6	RBM12	10137
Q9NU22	Q9NU22	MDN1	23195
Q9NUA8	Q9NUA8	ZBTB40	9923
Q9NUB1	Q9NUB1	ACSS1	84532
Q9NUD5	Q9NUD5	ZCCHC3	85364
Q9NUG6	Q9NUG6	PDRG1	81572
Q9NUI1	Q9NUI1	DECR2	26063
Q9NUJ1	Q9NUJ1	ABHD10	55347
Q9NUL5	Q9NUL5	SHFL	55337
Q9NUM4	Q9NUM4	TMEM106B	54664
Q9NUN5	Q9NUN5	LMBRD1	55788
Q9NUP1	Q9NUP1	BLOC1S4	55330
Q9NUP9	Q9NUP9	LIN7C	55327
Q9NUQ2	Q9NUQ2	AGPAT5	55326
Q9NUQ3	Q9NUQ3	TXLNG	55787
Q9NUQ6	Q9NUQ6	SPATS2L	26010
Q9NUQ7	Q9NUQ7	UFSP2	55325
Q9NUQ8	Q9NUQ8	ABCF3	55324
Q9NUQ9	Q9NUQ9	CYRIB	51571
Q9NUT2	Q9NUT2	ABCB8	11194
Q9NUU6	Q9NUU6	OTULINL	54491
Q9NUU7	Q9NUU7	DDX19A	55308
Q9NUV9	Q9NUV9	GIMAP4	55303
Q9NUY8	Q9NUY8	TBC1D23	55773
Q9NV70	Q9NV70	EXOC1	55763
Q9NV79	Q9NV79	PCMTD2	55251
Q9NV96	Q9NV96	TMEM30A	55754
Q9NVA1	Q9NVA1	UQCC1	55245
Q9NVA2	Q9NVA2	SEPTIN11	55752
Q9NVA4	Q9NVA4	TMEM184C	55751
Q9NVD7	Q9NVD7	PARVA	55742
Q9NVE7	Q9NVE7	PANK4	55229
Q9NVG8	Q9NVG8	TBC1D13	54662
Q9NVH0	Q9NVH0	EXD2	55218
Q9NVH1	Q9NVH1	DNAJC11	55735
Q9NVH2	Q9NVH2	INTS7	25896
Q9NVH6	Q9NVH6	TMLHE	55217
Q9NVI7	Q9NVI7	ATAD3A	55210
Q9NVJ2	Q9NVJ2	ARL8B	55207
Q9NVM1	Q9NVM1	EVA1B	55194
Q9NVM6	Q9NVM6	DNAJC17	55192
Q9NVP1	Q9NVP1	DDX18	8886
Q9NVQ4	Q9NVQ4	FAIM	55179
Q9NVR0	Q9NVR0	KLHL11	55175
Q9NVR2	Q9NVR2	INTS10	55174
Q9NVS2	Q9NVS2	MRPS18A	55168
Q9NVS9	Q9NVS9	PNPO	55163
Q9NVT9	Q9NVT9	ARMC1	55156
Q9NVV0	Q9NVV0	TMEM38B	55151
Q9NVV4	Q9NVV4	MTPAP	55149
Q9NVV5	Q9NVV5	AIG1	51390
Q9NVZ3	Q9NVZ3	NECAP2	55707
Q9NW07	Q9NW07	ZNF358	140467
Q9NW13	Q9NW13	RBM28	55131
Q9NW64	Q9NW64	RBM22	55696
Q9NW68	Q9NW68	BSDC1	55108
Q9NW82	Q9NW82	WDR70	55100
Q9NW97	Q9NW97	TMEM51	55092
Q9NWB6	Q9NWB6	ARGLU1	55082
Q9NWH9	Q9NWH9	SLTM	79811
Q9NWM3	Q9NWM3	CUEDC1	404093
Q9NWS0	Q9NWS0	PIH1D1	55011
Q9NWT6	Q9NWT6	HIF1AN	55662
Q9NWU1	Q9NWU1	OXSM	54995
Q9NWU2	Q9NWU2	GID8	54994
Q9NWU5	Q9NWU5	MRPL22	29093
Q9NWV4	Q9NWV4	CZIB	54987
Q9NWV8	Q9NWV8	BABAM1	29086
Q9NWW5	Q9NWW5	CLN6	54982
Q9NWY4	Q9NWY4	HPF1	54969
Q9NWZ3	Q9NWZ3	IRAK4	51135
Q9NWZ5	Q9NWZ5	UCKL1	54963
Q9NX05	Q9NX05	FAM120C	54954
Q9NX08	Q9NX08	COMMD8	54951
Q9NX14	Q9NX14	NDUFB11	54539
Q9NX20	Q9NX20	MRPL16	54948
Q9NX24	Q9NX24	NHP2	55651
Q9NX40	Q9NX40	OCIAD1	54940
Q9NX46	Q9NX46	ADPRS	54936
Q9NX58	Q9NX58	LYAR	55646
Q9NX62	Q9NX62	BPNT2	54928
Q9NX63	Q9NX63	CHCHD3	54927
Q9NXA8	Q9NXA8	SIRT5	23408
Q9NXC5	Q9NXC5	MIOS	54468
Q9NXE4	Q9NXE4	SMPD4	55627
Q9NXF1	Q9NXF1	TEX10	54881
Q9NXG2	Q9NXG2	THUMPD1	55623
Q9NXG6	Q9NXG6	P4HTM	54681
Q9NXH9	Q9NXH9	TRMT1	55621
Q9NXJ5	Q9NXJ5	PGPEP1	54858
Q9NXL6	Q9NXL6	SIDT1	54847
Q9NXR5	Q9NXR5	ANKRD10	55608
Q9NXS2	Q9NXS2	QPCTL	54814
Q9NXU5	Q9NXU5	ARL15	54622
Q9NXV6	Q9NXV6	CDKN2AIP	55602
Q9NXW2	Q9NXW2	DNAJB12	54788
Q9NXX6	Q9NXX6	NSMCE4A	54780
Q9NY12	Q9NY12	GAR1	54433
Q9NY27	Q9NY27	PPP4R2	151987
Q9NY33	Q9NY33	DPP3	10072
Q9NY47	Q9NY47	CACNA2D2	9254
Q9NY59	Q9NY59	SMPD3	55512
Q9NY61	Q9NY61	AATF	26574
Q9NY65	Q9NY65	TUBA8	51807
Q9NY93	Q9NY93	DDX56	54606
Q9NYB0	Q9NYB0	TERF2IP	54386
Q9NYB9	Q9NYB9	ABI2	10152
Q9NYF8	Q9NYF8	BCLAF1	9774
Q9NYH9	Q9NYH9	UTP6	55813
Q9NYK5	Q9NYK5	MRPL39	54148
Q9NYL4	Q9NYL4	FKBP11	51303
Q9NYL9	Q9NYL9	TMOD3	29766
Q9NYM9	Q9NYM9	BET1L	51272
Q9NYU1	Q9NYU1	UGGT2	55757
Q9NYU2	Q9NYU2	UGGT1	56886
Q9NYV4	Q9NYV4	CDK12	51755
Q9NZ01	Q9NZ01	TECR	9524
Q9NZ08	Q9NZ08	ERAP1	51752
Q9NZ09	Q9NZ09	UBAP1	51271
Q9NZ32	Q9NZ32	ACTR10	55860
Q9NZ43	Q9NZ43	USE1	55850
Q9NZ45	Q9NZ45	CISD1	55847
Q9NZ52	Q9NZ52	GGA3	23163
Q9NZB2	Q9NZB2	FAM120A	23196
Q9NZC3	Q9NZC3	GDE1	51573
Q9NZC7	Q9NZC7	WWOX	51741
Q9NZD2	Q9NZD2	GLTP	51228
Q9NZD8	Q9NZD8	SPG21	51324
Q9NZI7	Q9NZI7	UBP1	7342
Q9NZJ5	Q9NZJ5	EIF2AK3	9451
Q9NZJ7	Q9NZJ7	MTCH1	23787
Q9NZJ9	Q9NZJ9	NUDT4	11163
Q9NZL4	Q9NZL4	HSPBP1	23640
Q9NZL9	Q9NZL9	MAT2B	27430
Q9NZM1	Q9NZM1	MYOF	26509
Q9NZM3	Q9NZM3	ITSN2	50618
Q9NZN3	Q9NZN3	EHD3	30845
Q9NZN4	Q9NZN4	EHD2	30846
Q9NZN5	Q9NZN5	ARHGEF12	23365
Q9NZN8	Q9NZN8	CNOT2	4848
Q9NZQ3	Q9NZQ3	NCKIPSD	51517
Q9NZQ8	Q9NZQ8	TRPM5	29850
Q9NZR1	Q9NZR1	TMOD2	29767
Q9NZT1	Q9NZT1	CALML5	51806
Q9NZT2	Q9NZT2	OGFR	11054
Q9NZU5	Q9NZU5	LMCD1	29995
Q9NZW5	Q9NZW5	PALS2	51678
Q9NZZ3	Q9NZZ3	CHMP5	51510
Q9P000	Q9P000	COMMD9	29099
Q9P013	Q9P013	CWC15	51503
Q9P015	Q9P015	MRPL15	29088
Q9P016	Q9P016	THYN1	29087
Q9P032	Q9P032	NDUFAF4	29078
Q9P035	Q9P035	HACD3	51495
Q9P0I2	Q9P0I2	EMC3	55831
Q9P0J0	Q9P0J0	NDUFA13	51079
Q9P0J1	Q9P0J1	PDP1	54704
Q9P0J7	Q9P0J7	KCMF1	56888
Q9P0K7	Q9P0K7	RAI14	26064
Q9P0L0	Q9P0L0	VAPA	9218
Q9P0L2	Q9P0L2	MARK1	4139
Q9P0M6	Q9P0M6	MACROH2A2	55506
Q9P0M9	Q9P0M9	MRPL27	51264
Q9P0S2	Q9P0S2	COX16	51241
Q9P0T7	Q9P0T7	TMEM9	252839
Q9P0V3	Q9P0V3	SH3BP4	23677
Q9P0V9	Q9P0V9	SEPTIN10	151011
Q9P1F3	Q9P1F3	ABRACL	58527
Q9P1U1	Q9P1U1	ACTR3B	57180
Q9P1W3	Q9P1W3	TMEM63C	57156
Q9P1Y5	Q9P1Y5	CAMSAP3	57662
Q9P1Y6	Q9P1Y6	PHRF1	57661
Q9P206	Q9P206	NHSL3	57648
Q9P253	Q9P253	VPS18	57617
Q9P258	Q9P258	RCC2	55920
Q9P260	Q9P260	RELCH	57614
Q9P265	Q9P265	DIP2B	57609
Q9P266	Q9P266	JCAD	57608
Q9P270	Q9P270	SLAIN2	57606
Q9P273	Q9P273	TENM3	55714
Q9P287	Q9P287	BCCIP	56647
Q9P289	Q9P289	STK26	51765
Q9P291	Q9P291	ARMCX1	51309
Q9P2B2	Q9P2B2	PTGFRN	5738
Q9P2B4	Q9P2B4	CTTNBP2NL	55917
Q9P2C4	Q9P2C4	TMEM181	57583
Q9P2D3	Q9P2D3	HEATR5B	54497
Q9P2E2	Q9P2E2	KIF17	57576
Q9P2E3	Q9P2E3	ZNFX1	57169
Q9P2E5	Q9P2E5	CHPF2	54480
Q9P2E9	Q9P2E9	RRBP1	6238
Q9P2G1	Q9P2G1	ANKIB1	54467
Q9P2I0	Q9P2I0	CPSF2	53981
Q9P2J3	Q9P2J3	KLHL9	55958
Q9P2J5	Q9P2J5	LARS1	51520
Q9P2K3	Q9P2K3	RCOR3	55758
Q9P2K5	Q9P2K5	MYEF2	50804
Q9P2K6	Q9P2K6	KLHL42	57542
Q9P2K8	Q9P2K8	EIF2AK4	440275
Q9P2L0	Q9P2L0	WDR35	57539
Q9P2M7	Q9P2M7	CGN	57530
Q9P2N5	Q9P2N5	RBM27	54439
Q9P2P5	Q9P2P5	HECW2	57520
Q9P2P6	Q9P2P6	STARD9	57519
Q9P2R3	Q9P2R3	ANKFY1	51479
Q9P2R6	Q9P2R6	RERE	473
Q9P2R7	Q9P2R7	SUCLA2	8803
Q9P2T1	Q9P2T1	GMPR2	51292
Q9P2U8	Q9P2U8	SLC17A6	57084
Q9P2W9	Q9P2W9	STX18	53407
Q9P2X0	Q9P2X0	DPM3	54344
Q9P2X3	Q9P2X3	IMPACT	55364
Q9UBB4	Q9UBB4	ATXN10	25814
Q9UBB6	Q9UBB6	NCDN	23154
Q9UBB9	Q9UBB9	TFIP11	24144
Q9UBC2	Q9UBC2	EPS15L1	58513
Q9UBD5	Q9UBD5	ORC3	23595
Q9UBE0	Q9UBE0	SAE1	10055
Q9UBF2	Q9UBF2	COPG2	26958
Q9UBF8	Q9UBF8	PI4KB	5298
Q9UBG0	Q9UBG0	MRC2	9902
Q9UBI1	Q9UBI1	COMMD3	23412
Q9UBI6	Q9UBI6	GNG12	55970
Q9UBK8	Q9UBK8	MTRR	4552
Q9UBL3	Q9UBL3	ASH2L	9070
Q9UBM7	Q9UBM7	DHCR7	1717
Q9UBN7	Q9UBN7	HDAC6	10013
Q9UBP0	Q9UBP0	SPAST	6683
Q9UBQ0	Q9UBQ0	VPS29	51699
Q9UBQ5	Q9UBQ5	EIF3K	27335
Q9UBQ7	Q9UBQ7	GRHPR	9380
Q9UBR2	Q9UBR2	CTSZ	1522
Q9UBS3	Q9UBS3	DNAJB9	4189
Q9UBS4	Q9UBS4	DNAJB11	51726
Q9UBS9	Q9UBS9	SUCO	51430
Q9UBT2	Q9UBT2	UBA2	10054
Q9UBU3	Q9UBU3	GHRL	51738
Q9UBU6	Q9UBU6	FAM8A1	51439
Q9UBU8	Q9UBU8	MORF4L1	10933
Q9UBU9	Q9UBU9	NXF1	10482
Q9UBV2	Q9UBV2	SEL1L	6400
Q9UBV8	Q9UBV8	PEF1	553115
Q9UBW8	Q9UBW8	COPS7A	50813
Q9UBX3	Q9UBX3	SLC25A10	1468
Q9UBX5	Q9UBX5	FBLN5	10516
Q9UD71	Q9UD71	PPP1R1B	84152
Q9UDR5	Q9UDR5	AASS	10157
Q9UDT6	Q9UDT6	CLIP2	7461
Q9UDW1	Q9UDW1	UQCR10	29796
Q9UDY2	Q9UDY2	TJP2	9414
Q9UDY4	Q9UDY4	DNAJB4	11080
Q9UEE9	Q9UEE9	CFDP1	10428
Q9UEU0	Q9UEU0	VTI1B	10490
Q9UEW8	Q9UEW8	STK39	27347
Q9UEY8	Q9UEY8	ADD3	120
Q9UFC0	Q9UFC0	LRWD1	222229
Q9UFG5	Q9UFG5	C19orf25	148223
Q9UFN0	Q9UFN0	NIPSNAP3A	25934
Q9UG01	Q9UG01	IFT172	26160
Q9UG63	Q9UG63	ABCF2	10061
Q9UGI8	Q9UGI8	TES	26136
Q9UGJ0	Q9UGJ0	PRKAG2	51422
Q9UGJ1	Q9UGJ1	TUBGCP4	27229
Q9UGM6	Q9UGM6	WARS2	10352
Q9UGP4	Q9UGP4	LIMD1	8994
Q9UGP8	Q9UGP8	SEC63	11231
Q9UGT4	Q9UGT4	SUSD2	56241
Q9UGU0	Q9UGU0	TCF20	6942
Q9UGV2	Q9UGV2	NDRG3	57446
Q9UH03	Q9UH03	SEPTIN3	55964
Q9UH62	Q9UH62	ARMCX3	51566
Q9UH65	Q9UH65	SWAP70	23075
Q9UH99	Q9UH99	SUN2	25777
Q9UHA3	Q9UHA3	RSL24D1	51187
Q9UHA4	Q9UHA4	LAMTOR3	8649
Q9UHB6	Q9UHB6	LIMA1	51474
Q9UHB7	Q9UHB7	AFF4	27125
Q9UHB9	Q9UHB9	SRP68	6730
Q9UHD1	Q9UHD1	CHORDC1	26973
Q9UHD2	Q9UHD2	TBK1	29110
Q9UHD8	Q9UHD8	SEPTIN9	10801
Q9UHD9	Q9UHD9	UBQLN2	29978
Q9UHG2	Q9UHG2	PCSK1N	27344
Q9UHG3	Q9UHG3	PCYOX1	51449
Q9UHI5	Q9UHI5	SLC7A8	23428
Q9UHJ6	Q9UHJ6	SHPK	23729
Q9UHK6	Q9UHK6	AMACR	23600
Q9UHL4	Q9UHL4	DPP7	29952
Q9UHN6	Q9UHN6	CEMIP2	23670
Q9UHP3	Q9UHP3	USP25	29761
Q9UHQ9	Q9UHQ9	CYB5R1	51706
Q9UHR5	Q9UHR5	SAP30BP	29115
Q9UHV9	Q9UHV9	PFDN2	5202
Q9UHX1	Q9UHX1	PUF60	22827
Q9UHY1	Q9UHY1	NRBP1	29959
Q9UHY7	Q9UHY7	ENOPH1	58478
Q9UHY8	Q9UHY8	FEZ2	9637
Q9UI08	Q9UI08	EVL	51466
Q9UI09	Q9UI09	NDUFA12	55967
Q9UI10	Q9UI10	EIF2B4	8890
Q9UI12	Q9UI12	ATP6V1H	51606
Q9UI14	Q9UI14	RABAC1	10567
Q9UI15	Q9UI15	TAGLN3	29114
Q9UI30	Q9UI30	TRMT112	51504
Q9UI36	Q9UI36	DACH1	1602
Q9UI42	Q9UI42	CPA4	51200
Q9UIA9	Q9UIA9	XPO7	23039
Q9UIC8	Q9UIC8	LCMT1	51451
Q9UID3	Q9UID3	VPS51	738
Q9UIG0	Q9UIG0	BAZ1B	9031
Q9UII2	Q9UII2	ATP5IF1	93974
Q9UII4	Q9UII4	HERC5	51191
Q9UIJ7	Q9UIJ7	AK3	50808
Q9UIL1	Q9UIL1	SCOC	60592
Q9UIQ6	Q9UIQ6	LNPEP	4012
Q9UIS9	Q9UIS9	MBD1	4152
Q9UIV1	Q9UIV1	CNOT7	29883
Q9UIV8	Q9UIV8	SERPINB13	5275
Q9UJ14	Q9UJ14	GGT7	2686
Q9UJ41	Q9UJ41	RABGEF1	27342
Q9UJ68	Q9UJ68	MSRA	4482
Q9UJ70	Q9UJ70	NAGK	55577
Q9UJA5	Q9UJA5	TRMT6	51605
Q9UJC3	Q9UJC3	HOOK1	51361
Q9UJC5	Q9UJC5	SH3BGRL2	83699
Q9UJH8	Q9UJH8	METRN	79006
Q9UJJ9	Q9UJJ9	GNPTG	84572
Q9UJM3	Q9UJM3	ERRFI1	54206
Q9UJM8	Q9UJM8	HAO1	54363
Q9UJS0	Q9UJS0	SLC25A13	10165
Q9UJU6	Q9UJU6	DBNL	28988
Q9UJV9	Q9UJV9	DDX41	51428
Q9UJW0	Q9UJW0	DCTN4	51164
Q9UJX2	Q9UJX2	CDC23	8697
Q9UJX3	Q9UJX3	ANAPC7	51434
Q9UJX4	Q9UJX4	ANAPC5	51433
Q9UJX5	Q9UJX5	ANAPC4	29945
Q9UJY4	Q9UJY4	GGA2	23062
Q9UJY5	Q9UJY5	GGA1	26088
Q9UJZ1	Q9UJZ1	STOML2	30968
Q9UK22	Q9UK22	FBXO2	26232
Q9UK41	Q9UK41	VPS28	51160
Q9UK45	Q9UK45	LSM7	51690
Q9UK53	Q9UK53	ING1	3621
Q9UK55	Q9UK55	SERPINA10	51156
Q9UK58	Q9UK58	CCNL1	57018
Q9UK59	Q9UK59	DBR1	51163
Q9UK61	Q9UK61	TASOR	23272
Q9UK76	Q9UK76	JPT1	51155
Q9UK99	Q9UK99	FBXO3	26273
Q9UKA8	Q9UKA8	RCAN3	11123
Q9UKA9	Q9UKA9	PTBP2	58155
Q9UKB3	Q9UKB3	DNAJC12	56521
Q9UKD2	Q9UKD2	MRTO4	51154
Q9UKE5	Q9UKE5	TNIK	23043
Q9UKF6	Q9UKF6	CPSF3	51692
Q9UKG1	Q9UKG1	APPL1	26060
Q9UKJ3	Q9UKJ3	GPATCH8	23131
Q9UKK3	Q9UKK3	PARP4	143
Q9UKK9	Q9UKK9	NUDT5	11164
Q9UKM7	Q9UKM7	MAN1B1	11253
Q9UKM9	Q9UKM9	RALY	22913
Q9UKN8	Q9UKN8	GTF3C4	9329
Q9UKS6	Q9UKS6	PACSIN3	29763
Q9UKU7	Q9UKU7	ACAD8	27034
Q9UKV3	Q9UKV3	ACIN1	22985
Q9UKV8	Q9UKV8	AGO2	27161
Q9UKX7	Q9UKX7	NUP50	10762
Q9UKY4	Q9UKY4	POMT2	29954
Q9UKY7	Q9UKY7	CDV3	55573
Q9UKZ1	Q9UKZ1	CNOT11	55571
Q9UL12	Q9UL12	SARDH	1757
Q9UL15	Q9UL15	BAG5	9529
Q9UL18	Q9UL18	AGO1	26523
Q9UL25	Q9UL25	RAB21	23011
Q9UL26	Q9UL26	RAB22A	57403
Q9UL42	Q9UL42	PNMA2	10687
Q9UL45	Q9UL45	BLOC1S6	26258
Q9UL46	Q9UL46	PSME2	5721
Q9UL63	Q9UL63	MKLN1	4289
Q9ULA0	Q9ULA0	DNPEP	23549
Q9ULB1	Q9ULB1	NRXN1	9378
Q9ULC0	Q9ULC0	EMCN	51705
Q9ULC3	Q9ULC3	RAB23	51715
Q9ULC4	Q9ULC4	MCTS1	28985
Q9ULC5	Q9ULC5	ACSL5	51703
Q9ULD0	Q9ULD0	OGDHL	55753
Q9ULE0	Q9ULE0	WWC3	55841
Q9ULE4	Q9ULE4	FAM184B	27146
Q9ULG6	Q9ULG6	CCPG1	9236
Q9ULH0	Q9ULH0	KIDINS220	57498
Q9ULH1	Q9ULH1	ASAP1	50807
Q9ULH7	Q9ULH7	MRTFB	57496
Q9ULJ8	Q9ULJ8	PPP1R9A	55607
Q9ULK4	Q9ULK4	MED23	9439
Q9ULP9	Q9ULP9	TBC1D24	57465
Q9ULR0	Q9ULR0	ISY1	57461
Q9ULR3	Q9ULR3	PPM1H	57460
Q9ULR5	Q9ULR5	PAIP2B	400961
Q9ULS5	Q9ULS5	TMCC3	57458
Q9ULT8	Q9ULT8	HECTD1	25831
Q9ULU4	Q9ULU4	ZMYND8	23613
Q9ULU8	Q9ULU8	CADPS	8618
Q9ULV0	Q9ULV0	MYO5B	4645
Q9ULV4	Q9ULV4	CORO1C	23603
Q9ULW5	Q9ULW5	RAB26	25837
Q9ULX3	Q9ULX3	NOB1	28987
Q9ULX6	Q9ULX6	AKAP8L	26993
Q9ULZ3	Q9ULZ3	PYCARD	29108
Q9UM00	Q9UM00	TMCO1	54499
Q9UM21	Q9UM21	MGAT4A	11320
Q9UM54	Q9UM54	MYO6	4646
Q9UMS0	Q9UMS0	NFU1	27247
Q9UMS4	Q9UMS4	PRPF19	27339
Q9UMS6	Q9UMS6	SYNPO2	171024
Q9UMX0	Q9UMX0	UBQLN1	29979
Q9UMX5	Q9UMX5	NENF	29937
Q9UMY1	Q9UMY1	NOL7	51406
Q9UMY4	Q9UMY4	SNX12	29934
Q9UMZ2	Q9UMZ2	SYNRG	11276
Q9UN36	Q9UN36	NDRG2	57447
Q9UN37	Q9UN37	VPS4A	27183
Q9UN86	Q9UN86	G3BP2	9908
Q9UNE2	Q9UNE2	RPH3AL	9501
Q9UNE7	Q9UNE7	STUB1	10273
Q9UNF0	Q9UNF0	PACSIN2	11252
Q9UNF1	Q9UNF1	MAGED2	10916
Q9UNH6	Q9UNH6	SNX7	51375
Q9UNH7	Q9UNH7	SNX6	58533
Q9UNK0	Q9UNK0	STX8	9482
Q9UNK9	Q9UNK9	ANGEL1	23357
Q9UNL2	Q9UNL2	SSR3	6747
Q9UNM6	Q9UNM6	PSMD13	5719
Q9UNN5	Q9UNN5	FAF1	11124
Q9UNN8	Q9UNN8	PROCR	10544
Q9UNP9	Q9UNP9	PPIE	10450
Q9UNS2	Q9UNS2	COPS3	8533
Q9UNW1	Q9UNW1	MINPP1	9562
Q9UNW9	Q9UNW9	NOVA2	4858
Q9UNX4	Q9UNX4	WDR3	10885
Q9UNX9	Q9UNX9	KCNJ14	3770
Q9UNZ2	Q9UNZ2	NSFL1C	55968
Q9UNZ5	Q9UNZ5	C19orf53	28974
Q9UP83	Q9UP83	COG5	10466
Q9UPA5	Q9UPA5	BSN	8927
Q9UPM8	Q9UPM8	AP4E1	23431
Q9UPN3	Q9UPN3	MACF1	23499
Q9UPN6	Q9UPN6	SCAF8	22828
Q9UPN7	Q9UPN7	PPP6R1	22870
Q9UPN9	Q9UPN9	TRIM33	51592
Q9UPP1	Q9UPP1	PHF8	23133
Q9UPQ0	Q9UPQ0	LIMCH1	22998
Q9UPQ3	Q9UPQ3	AGAP1	116987
Q9UPQ9	Q9UPQ9	TNRC6B	23112
Q9UPR5	Q9UPR5	SLC8A2	6543
Q9UPT5	Q9UPT5	EXOC7	23265
Q9UPT8	Q9UPT8	ZC3H4	23211
Q9UPU5	Q9UPU5	USP24	23358
Q9UPU7	Q9UPU7	TBC1D2B	23102
Q9UPY3	Q9UPY3	DICER1	23405
Q9UPY6	Q9UPY6	WASF3	10810
Q9UPY8	Q9UPY8	MAPRE3	22924
Q9UQ03	Q9UQ03	CORO2B	10391
Q9UQ13	Q9UQ13	SHOC2	8036
Q9UQ35	Q9UQ35	SRRM2	23524
Q9UQ80	Q9UQ80	PA2G4	5036
Q9UQB3	Q9UQB3	CTNND2	1501
Q9UQB8	Q9UQB8	BAIAP2	10458
Q9UQE7	Q9UQE7	SMC3	9126
Q9UQL6	Q9UQL6	HDAC5	10014
Q9UQN3	Q9UQN3	CHMP2B	25978
Q9UQR0	Q9UQR0	SCML2	10389
Q9UQR1	Q9UQR1	ZNF148	7707
Q9Y216	Q9Y216	MTMR7	9108
Q9Y217	Q9Y217	MTMR6	9107
Q9Y223	Q9Y223	GNE	10020
Q9Y224	Q9Y224	RTRAF	51637
Q9Y230	Q9Y230	RUVBL2	10856
Q9Y235	Q9Y235	APOBEC2	10930
Q9Y237	Q9Y237	PIN4	5303
Q9Y243	Q9Y243	AKT3	10000
Q9Y244	Q9Y244	POMP	51371
Q9Y247	Q9Y247	FAM50B	26240
Q9Y250	Q9Y250	LZTS1	11178
Q9Y259	Q9Y259	CHKB	1120
Q9Y262	Q9Y262	EIF3L	51386
Q9Y263	Q9Y263	PLAA	9373
Q9Y265	Q9Y265	RUVBL1	8607
Q9Y266	Q9Y266	NUDC	10726
Q9Y274	Q9Y274	ST3GAL6	10402
Q9Y276	Q9Y276	BCS1L	617
Q9Y277	Q9Y277	VDAC3	7419
Q9Y281	Q9Y281	CFL2	1073
Q9Y282	Q9Y282	ERGIC3	51614
Q9Y285	Q9Y285	FARSA	2193
Q9Y287	Q9Y287	ITM2B	9445
Q9Y291	Q9Y291	MRPS33	51650
Q9Y295	Q9Y295	DRG1	4733
Q9Y296	Q9Y296	TRAPPC4	51399
Q9Y2A7	Q9Y2A7	NCKAP1	10787
Q9Y2B0	Q9Y2B0	CNPY2	10330
Q9Y2C4	Q9Y2C4	EXOG	9941
Q9Y2D4	Q9Y2D4	EXOC6B	23233
Q9Y2D5	Q9Y2D5	PALM2AKAP2	445815
Q9Y2E5	Q9Y2E5	MAN2B2	23324
Q9Y2G2	Q9Y2G2	CARD8	22900
Q9Y2G5	Q9Y2G5	POFUT2	23275
Q9Y2H1	Q9Y2H1	STK38L	23012
Q9Y2H2	Q9Y2H2	INPP5F	22876
Q9Y2H5	Q9Y2H5	PLEKHA6	22874
Q9Y2H6	Q9Y2H6	FNDC3A	22862
Q9Y2I1	Q9Y2I1	NISCH	11188
Q9Y2I7	Q9Y2I7	PIKFYVE	200576
Q9Y2I8	Q9Y2I8	WDR37	22884
Q9Y2J2	Q9Y2J2	EPB41L3	23136
Q9Y2K2	Q9Y2K2	SIK3	23387
Q9Y2L1	Q9Y2L1	DIS3	22894
Q9Y2L5	Q9Y2L5	TRAPPC8	22878
Q9Y2L9	Q9Y2L9	LRCH1	23143
Q9Y2P8	Q9Y2P8	RCL1	10171
Q9Y2Q0	Q9Y2Q0	ATP8A1	10396
Q9Y2Q3	Q9Y2Q3	GSTK1	373156
Q9Y2Q5	Q9Y2Q5	LAMTOR2	28956
Q9Y2Q9	Q9Y2Q9	MRPS28	28957
Q9Y2R0	Q9Y2R0	COA3	28958
Q9Y2R5	Q9Y2R5	MRPS17	51373
Q9Y2R9	Q9Y2R9	MRPS7	51081
Q9Y2S2	Q9Y2S2	CRYL1	51084
Q9Y2S7	Q9Y2S7	POLDIP2	26073
Q9Y2T2	Q9Y2T2	AP3M1	26985
Q9Y2T3	Q9Y2T3	GDA	9615
Q9Y2U5	Q9Y2U5	MAP3K2	10746
Q9Y2U8	Q9Y2U8	LEMD3	23592
Q9Y2V2	Q9Y2V2	CARHSP1	23589
Q9Y2V7	Q9Y2V7	COG6	57511
Q9Y2W1	Q9Y2W1	THRAP3	9967
Q9Y2W2	Q9Y2W2	WBP11	51729
Q9Y2W6	Q9Y2W6	TDRKH	11022
Q9Y2X0	Q9Y2X0	MED16	10025
Q9Y2X3	Q9Y2X3	NOP58	51602
Q9Y2X7	Q9Y2X7	GIT1	28964
Q9Y2Z0	Q9Y2Z0	SUGT1	10910
Q9Y2Z4	Q9Y2Z4	YARS2	51067
Q9Y2Z9	Q9Y2Z9	COQ6	51004
Q9Y303	Q9Y303	AMDHD2	51005
Q9Y305	Q9Y305	ACOT9	23597
Q9Y312	Q9Y312	AAR2	25980
Q9Y314	Q9Y314	NOSIP	51070
Q9Y315	Q9Y315	DERA	51071
Q9Y320	Q9Y320	TMX2	51075
Q9Y333	Q9Y333	LSM2	57819
Q9Y337	Q9Y337	KLK5	25818
Q9Y365	Q9Y365	STARD10	10809
Q9Y371	Q9Y371	SH3GLB1	51100
Q9Y375	Q9Y375	NDUFAF1	51103
Q9Y376	Q9Y376	CAB39	51719
Q9Y383	Q9Y383	LUC7L2	51631
Q9Y385	Q9Y385	UBE2J1	51465
Q9Y394	Q9Y394	DHRS7	51635
Q9Y399	Q9Y399	MRPS2	51116
Q9Y3A3	Q9Y3A3	MOB4	25843
Q9Y3A5	Q9Y3A5	SBDS	51119
Q9Y3A6	Q9Y3A6	TMED5	50999
Q9Y3B3	Q9Y3B3	TMED7	51014
Q9Y3B4	Q9Y3B4	SF3B6	51639
Q9Y3B7	Q9Y3B7	MRPL11	65003
Q9Y3B8	Q9Y3B8	REXO2	25996
Q9Y3C0	Q9Y3C0	WASHC3	51019
Q9Y3C4	Q9Y3C4	TPRKB	51002
Q9Y3C5	Q9Y3C5	RNF11	26994
Q9Y3C6	Q9Y3C6	PPIL1	51645
Q9Y3C8	Q9Y3C8	UFC1	51506
Q9Y3D0	Q9Y3D0	CIAO2B	51647
Q9Y3D3	Q9Y3D3	MRPS16	51021
Q9Y3D6	Q9Y3D6	FIS1	51024
Q9Y3D7	Q9Y3D7	PAM16	51025
Q9Y3D9	Q9Y3D9	MRPS23	51649
Q9Y3E0	Q9Y3E0	GOLT1B	51026
Q9Y3E1	Q9Y3E1	HDGFL3	50810
Q9Y3E5	Q9Y3E5	PTRH2	51651
Q9Y3E7	Q9Y3E7	CHMP3	51652
Q9Y3F4	Q9Y3F4	STRAP	11171
Q9Y3I0	Q9Y3I0	RTCB	51493
Q9Y3L3	Q9Y3L3	SH3BP1	23616
Q9Y3P9	Q9Y3P9	RABGAP1	23637
Q9Y3Q3	Q9Y3Q3	TMED3	23423
Q9Y3Q4	Q9Y3Q4	HCN4	10021
Q9Y3Q8	Q9Y3Q8	TSC22D4	81628
Q9Y3R5	Q9Y3R5	DOP1B	9980
Q9Y3S1	Q9Y3S1	WNK2	65268
Q9Y3S2	Q9Y3S2	ZNF330	27309
Q9Y3T9	Q9Y3T9	NOC2L	26155
Q9Y3U8	Q9Y3U8	RPL36	25873
Q9Y3X0	Q9Y3X0	CCDC9	26093
Q9Y3Z3	Q9Y3Z3	SAMHD1	25939
Q9Y446	Q9Y446	PKP3	11187
Q9Y450	Q9Y450	HBS1L	10767
Q9Y463	Q9Y463	DYRK1B	9149
Q9Y478	Q9Y478	PRKAB1	5564
Q9Y485	Q9Y485	DMXL1	1657
Q9Y490	Q9Y490	TLN1	7094
Q9Y496	Q9Y496	KIF3A	11127
Q9Y4A5	Q9Y4A5	TRRAP	8295
Q9Y4B5	Q9Y4B5	MTCL1	23255
Q9Y4B6	Q9Y4B6	DCAF1	9730
Q9Y4C2	Q9Y4C2	TCAF1	9747
Q9Y4D8	Q9Y4D8	HECTD4	283450
Q9Y4E1	Q9Y4E1	WASHC2C	253725
Q9Y4E6	Q9Y4E6	WDR7	23335
Q9Y4E8	Q9Y4E8	USP15	9958
Q9Y4F1	Q9Y4F1	FARP1	10160
Q9Y4F5	Q9Y4F5	CEP170B	283638
Q9Y4G6	Q9Y4G6	TLN2	83660
Q9Y4H2	Q9Y4H2	IRS2	8660
Q9Y4I1	Q9Y4I1	MYO5A	4644
Q9Y4K3	Q9Y4K3	TRAF6	7189
Q9Y4K4	Q9Y4K4	MAP4K5	11183
Q9Y4L1	Q9Y4L1	HYOU1	10525
Q9Y4P3	Q9Y4P3	TBL2	26608
Q9Y4P8	Q9Y4P8	WIPI2	26100
Q9Y4R8	Q9Y4R8	TELO2	9894
Q9Y4W2	Q9Y4W2	LAS1L	81887
Q9Y4W6	Q9Y4W6	AFG3L2	10939
Q9Y4X5	Q9Y4X5	ARIH1	25820
Q9Y4Y9	Q9Y4Y9	LSM5	23658
Q9Y4Z0	Q9Y4Z0	LSM4	25804
Q9Y512	Q9Y512	SAMM50	25813
Q9Y520	Q9Y520	PRRC2C	23215
Q9Y530	Q9Y530	OARD1	221443
Q9Y535	Q9Y535	POLR3H	171568
Q9Y548	Q9Y548	YIPF1	54432
Q9Y570	Q9Y570	PPME1	51400
Q9Y580	Q9Y580	RBM7	10179
Q9Y587	Q9Y587	AP4S1	11154
Q9Y5A7	Q9Y5A7	NUB1	51667
Q9Y5A9	Q9Y5A9	YTHDF2	51441
Q9Y5B0	Q9Y5B0	CTDP1	9150
Q9Y5B6	Q9Y5B6	PAXBP1	94104
Q9Y5B8	Q9Y5B8	NME7	29922
Q9Y5B9	Q9Y5B9	SUPT16H	11198
Q9Y5E7	Q9Y5E7	PCDHB2	56133
Q9Y5H1	Q9Y5H1	PCDHGA2	56113
Q9Y5H7	Q9Y5H7	PCDHA5	56143
Q9Y5J6	Q9Y5J6	TIMM10B	26515
Q9Y5J7	Q9Y5J7	TIMM9	26520
Q9Y5K5	Q9Y5K5	UCHL5	51377
Q9Y5K6	Q9Y5K6	CD2AP	23607
Q9Y5K8	Q9Y5K8	ATP6V1D	51382
Q9Y5L0	Q9Y5L0	TNPO3	23534
Q9Y5M8	Q9Y5M8	SRPRB	58477
Q9Y5P4	Q9Y5P4	CERT1	10087
Q9Y5P6	Q9Y5P6	GMPPB	29925
Q9Y5Q8	Q9Y5Q8	GTF3C5	9328
Q9Y5Q9	Q9Y5Q9	GTF3C3	9330
Q9Y5R8	Q9Y5R8	TRAPPC1	58485
Q9Y5S2	Q9Y5S2	CDC42BPB	9578
Q9Y5S9	Q9Y5S9	RBM8A	9939
Q9Y5U2	Q9Y5U2	TSSC4	10078
Q9Y5U9	Q9Y5U9	IER3IP1	51124
Q9Y5X1	Q9Y5X1	SNX9	51429
Q9Y5X3	Q9Y5X3	SNX5	27131
Q9Y5Y2	Q9Y5Y2	NUBP2	10101
Q9Y5Y5	Q9Y5Y5	PEX16	9409
Q9Y5Y6	Q9Y5Y6	ST14	6768
Q9Y5Z4	Q9Y5Z4	HEBP2	23593
Q9Y5Z7	Q9Y5Z7	HCFC2	29915
Q9Y605	Q9Y605	MRFAP1	93621
Q9Y606	Q9Y606	PUS1	80324
Q9Y608	Q9Y608	LRRFIP2	9209
Q9Y617	Q9Y617	PSAT1	29968
Q9Y618	Q9Y618	NCOR2	9612
Q9Y624	Q9Y624	F11R	50848
Q9Y625	Q9Y625	GPC6	10082
Q9Y639	Q9Y639	NPTN	27020
Q9Y646	Q9Y646	CPQ	10404
Q9Y653	Q9Y653	ADGRG1	9289
Q9Y664	Q9Y664	KPTN	11133
Q9Y666	Q9Y666	SLC12A7	10723
Q9Y673	Q9Y673	ALG5	29880
Q9Y676	Q9Y676	MRPS18B	28973
Q9Y678	Q9Y678	COPG1	22820
Q9Y679	Q9Y679	AUP1	550
Q9Y696	Q9Y696	CLIC4	25932
Q9Y697	Q9Y697	NFS1	9054
Q9Y6A4	Q9Y6A4	CFAP20	29105
Q9Y6A9	Q9Y6A9	SPCS1	28972
Q9Y6B6	Q9Y6B6	SAR1B	51128
Q9Y6C2	Q9Y6C2	EMILIN1	11117
Q9Y6C9	Q9Y6C9	MTCH2	23788
Q9Y6D5	Q9Y6D5	ARFGEF2	10564
Q9Y6D6	Q9Y6D6	ARFGEF1	10565
Q9Y6D9	Q9Y6D9	MAD1L1	8379
Q9Y6E0	Q9Y6E0	STK24	8428
Q9Y6E2	Q9Y6E2	BZW2	28969
Q9Y6G5	Q9Y6G5	COMMD10	51397
Q9Y6G9	Q9Y6G9	DYNC1LI1	51143
Q9Y6H1	Q9Y6H1	CHCHD2	51142
Q9Y6I3	Q9Y6I3	EPN1	29924
Q9Y6I9	Q9Y6I9	TEX264	51368
Q9Y6J0	Q9Y6J0	CABIN1	23523
Q9Y6K5	Q9Y6K5	OAS3	4940
Q9Y6K9	Q9Y6K9	IKBKG	8517
Q9Y6M5	Q9Y6M5	SLC30A1	7779
Q9Y6M9	Q9Y6M9	NDUFB9	4715
Q9Y6N5	Q9Y6N5	SQOR	58472
Q9Y6N6	Q9Y6N6	LAMC3	10319
Q9Y6N7	Q9Y6N7	ROBO1	6091
Q9Y6Q5	Q9Y6Q5	AP1M2	10053
Q9Y6R0	Q9Y6R0	NUMBL	9253
Q9Y6R1	Q9Y6R1	SLC4A4	8671
Q9Y6R4	Q9Y6R4	MAP3K4	4216
Q9Y6U3	Q9Y6U3	SCIN	85477
Q9Y6V0	Q9Y6V0	PCLO	27445
Q9Y6W3	Q9Y6W3	CAPN7	23473
Q9Y6W5	Q9Y6W5	WASF2	10163
Q9Y6X1	Q9Y6X1	SERP1	27230
Q9Y6X3	Q9Y6X3	MAU2	23383
Q9Y6X4	Q9Y6X4	FAM169A	26049
Q9Y6X5	Q9Y6X5	ENPP4	22875
Q9Y6X9	Q9Y6X9	MORC2	22880
Q9Y6Y0	Q9Y6Y0	IVNS1ABP	10625
Q9Y6Y8	Q9Y6Y8	SEC23IP	11196
A0A024RBG1	A0A024RBG1	NUDT4B	11163
A0A075B6K5	A0A075B6K5	IGLV3-9	28804
A0A075B6S5	A0A075B6S5	IGKV1-27	28935
A0A0B4J1V1	A0A0B4J1V1	IGHV3-21	28444
A0A0B4J1X5	A0A0B4J1X5	IGHV3-74	28408
A0A0C4DH25	A0A0C4DH25	IGKV3D-20	28874
A0A0C4DH38	A0A0C4DH38	IGHV5-51	28388
A0A0C4DH41	A0A0C4DH41	IGHV4-61	28391
A0A0C4DH55	A0A0C4DH55	IGKV3D-7	28877
A0JNW5	A0JNW5	BLTP3B	23074
A2VEC9	A2VEC9	SSPOP	23145
A4D0T7	A4D0T7	SMIM30	401397
A6NE02	A6NE02	BTBD17	388419
A6NMY6	A6NMY6	ANXA2P2	304
A6ZKI3	A6ZKI3	RTL8C	8933
A8CG34	A8CG34	POM121C	9883
A8MUX0	A8MUX0	KRTAP16-1	100505753
A8MWD9	A8MWD9	SNRPGP15	6637
A9UHW6	A9UHW6	MIF4GD	57409
B7ZAP0	B7ZAP0	RABGAP1L	NA
B9A064	B9A064	IGLL5	100423062
L0R819	L0R819	ASDURF	110599588
O00399	O00399	DCTN6	10671
O00459	O00459	PIK3R2	5296
O00512	O00512	BCL9	607
O00622	O00622	CCN1	3491
O00767	O00767	SCD	6319
O14495	O14495	PLPP3	8613
O14530	O14530	TXNDC9	10190
O14545	O14545	TRAFD1	10906
O14569	O14569	CYB561D2	11068
O14640	O14640	DVL1	1855
O14647	O14647	CHD2	1106
O14733	O14733	MAP2K7	5609
O14775	O14775	GNB5	10681
O14965	O14965	AURKA	6790
O15014	O15014	ZNF609	23060
O15041	O15041	SEMA3E	9723
O15047	O15047	SETD1A	9739
O15162	O15162	PLSCR1	5359
O15254	O15254	ACOX3	8310
O15270	O15270	SPTLC2	9517
O15381	O15381	NVL	4931
O15391	O15391	YY2	404281
O43312	O43312	MTSS1	9788
O43318	O43318	MAP3K7	6885
O43447	O43447	PPIH	10465
O43657	O43657	TSPAN6	7105
O43708	O43708	GSTZ1	2954
O43709	O43709	BUD23	114049
O43790	O43790	KRT86	3892
O60330	O60330	PCDHGA12	26025
O60427	O60427	FADS1	3992
O60449	O60449	LY75	4065
O60551	O60551	NMT2	9397
O60814	O60814	H2BC12	85236
O60927	O60927	PPP1R11	6992
O75061	O75061	DNAJC6	9829
O75173	O75173	ADAMTS4	9507
O75177	O75177	SS18L1	26039
O75683	O75683	SURF6	6838
O75695	O75695	RP2	6102
O75764	O75764	TCEA3	6920
O75817	O75817	POP7	10248
O75845	O75845	SC5D	6309
O75940	O75940	SMNDC1	10285
O76011	O76011	KRT34	3885
O76013	O76013	KRT36	8689
O76071	O76071	CIAO1	9391
O76095	O76095	JTB	10899
O94772	O94772	LY6H	4062
O94885	O94885	SASH1	23328
O95049	O95049	TJP3	27134
O95155	O95155	UBE4B	10277
O95166	O95166	GABARAP	11337
O95263	O95263	PDE8B	8622
O95347	O95347	SMC2	10592
O95391	O95391	SLU7	10569
O95405	O95405	ZFYVE9	9372
O95425	O95425	SVIL	6840
O95639	O95639	CPSF4	10898
O95819	O95819	MAP4K4	9448
O95873	O95873	C6orf47	57827
P00395	P00395	MT-CO1	4512
P00414	P00414	MT-CO3	4514
P00519	P00519	ABL1	25
P00747	P00747	PLG	5340
P00749	P00749	PLAU	5328
P00973	P00973	OAS1	4938
P01116	P01116	KRAS	3845
P01130	P01130	LDLR	3949
P01584	P01584	IL1B	3553
P01705	P01705	IGLV2-23	28813
P03952	P03952	KLKB1	3818
P03973	P03973	SLPI	6590
P04114	P04114	APOB	338
P04350	P04350	TUBB4A	10382
P05423	P05423	POLR3D	661
P06312	P06312	IGKV4-1	28908
P07225	P07225	PROS1	5627
P07360	P07360	C8G	733
P07711	P07711	CTSL	1514
P07998	P07998	RNASE1	6035
P08047	P08047	SP1	6667
P08138	P08138	NGFR	4804
P08174	P08174	CD55	1604
P08319	P08319	ADH4	127
P08397	P08397	HMBS	3145
P08603	P08603	CFH	3075
P08648	P08648	ITGA5	3678
P09913	P09913	IFIT2	3433
P0C7H8	P0C7H8	KRTAP2-3	85294
P0CG36	P0CG36	CFC1B	653275
P0CG39	P0CG39	POTEJ	653781
P0DOX7	P0DOX7	NA	NA
P0DPB6	P0DPB6	POLR1D	51082
P10074	P10074	ZBTB48	3104
P10176	P10176	COX8A	1351
P11441	P11441	UBL4A	8266
P13598	P13598	ICAM2	3384
P13929	P13929	ENO3	2027
P13995	P13995	MTHFD2	10797
P15259	P15259	PGAM2	5224
P15907	P15907	ST6GAL1	6480
P16383	P16383	GCFC2	6936
P16591	P16591	FER	2241
P18858	P18858	LIG1	3978
P19634	P19634	SLC9A1	6548
P20594	P20594	NPR2	4882
P20839	P20839	IMPDH1	3614
P21731	P21731	TBXA2R	6915
P21741	P21741	MDK	4192
P22531	P22531	SPRR2E	6704
P22760	P22760	AADAC	13
P23458	P23458	JAK1	3716
P23469	P23469	PTPRE	5791
P23743	P23743	DGKA	1606
P24001	P24001	IL32	9235
P24311	P24311	COX7B	1349
P24390	P24390	KDELR1	10945
P24855	P24855	DNASE1	1773
P25054	P25054	APC	324
P25205	P25205	MCM3	4172
P25774	P25774	CTSS	1520
P25942	P25942	CD40	958
P28290	P28290	ITPRID2	6744
P28330	P28330	ACADL	33
P29728	P29728	OAS2	4939
P30154	P30154	PPP2R1B	5519
P31513	P31513	FMO3	2328
P31947	P31947	SFN	2810
P31994	P31994	FCGR2B	2213
P32418	P32418	SLC8A1	6546
P33764	P33764	S100A3	6274
P33992	P33992	MCM5	4174
P33993	P33993	MCM7	4176
P34810	P34810	CD68	968
P35227	P35227	PCGF2	7703
P35240	P35240	NF2	4771
P35558	P35558	PCK1	5105
P36952	P36952	SERPINB5	5268
P38432	P38432	COIL	8161
P41212	P41212	ETV6	2120
P41743	P41743	PRKCI	5584
P42658	P42658	DPP6	1804
P42696	P42696	RBM34	23029
P42771	P42771	CDKN2A	1029
P42830	P42830	CXCL5	NA
P46013	P46013	MKI67	4288
P46937	P46937	YAP1	10413
P47224	P47224	RABIF	5877
P47813	P47813	EIF1AX	1964
P47895	P47895	ALDH1A3	220
P48058	P48058	GRIA4	2893
P48230	P48230	TM4SF4	7104
P49137	P49137	MAPKAPK2	9261
P49366	P49366	DHPS	1725
P49736	P49736	MCM2	4171
P49754	P49754	VPS41	27072
P50151	P50151	GNG10	2790
P50281	P50281	MMP14	4323
P51636	P51636	CAV2	858
P51798	P51798	CLCN7	1186
P52429	P52429	DGKE	8526
P52747	P52747	ZNF143	7702
P53814	P53814	SMTN	6525
P54098	P54098	POLG	5428
P54252	P54252	ATXN3	4287
P54868	P54868	HMGCS2	3158
P55011	P55011	SLC12A2	6558
P55058	P55058	PLTP	5360
P55287	P55287	CDH11	1009
P55854	P55854	SUMO3	6612
P56277	P56277	CMC4	100272147
P56705	P56705	WNT4	54361
P56962	P56962	STX17	55014
P56975	P56975	NRG3	10718
P57081	P57081	WDR4	10785
P60022	P60022	DEFB1	1672
P60059	P60059	SEC61G	23480
P60602	P60602	ROMO1	140823
P60604	P60604	UBE2G2	7327
P61165	P61165	TMEM258	746
P61371	P61371	ISL1	3670
P62487	P62487	POLR2G	5436
P62760	P62760	VSNL1	7447
P62834	P62834	RAP1A	5906
P63165	P63165	SUMO1	7341
P68133	P68133	ACTA1	58
P68431	P68431	H3C1; H3C2; H3C3; H3C4; H3C6; H3C7; H3C8; H3C10; H3C11; H3C12	8350
P78386	P78386	KRT85	3891
P79483	P79483	HLA-DRB3	3125
P80217	P80217	IFI35	3430
P81877	P81877	SSBP2	23635
P83881	P83881	RPL36A	6173
P98066	P98066	TNFAIP6	7130
Q00534	Q00534	CDK6	1021
Q00653	Q00653	NFKB2	4791
Q01432	Q01432	AMPD3	272
Q02388	Q02388	COL7A1	1294
Q02410	Q02410	APBA1	320
Q03468	Q03468	ERCC6	2074
Q04726	Q04726	TLE3	7090
Q04828	Q04828	AKR1C1	1645
Q06481	Q06481	APLP2	334
Q09328	Q09328	MGAT5	4249
Q10469	Q10469	MGAT2	4247
Q12778	Q12778	FOXO1	2308
Q12857	Q12857	NFIA	4774
Q12899	Q12899	TRIM26	7726
Q13214	Q13214	SEMA3B	7869
Q13496	Q13496	MTM1	4534
Q13503	Q13503	MED21	9412
Q13614	Q13614	MTMR2	8898
Q13625	Q13625	TP53BP2	7159
Q14119	Q14119	VEZF1	7716
Q14156	Q14156	EFR3A	23167
Q14192	Q14192	FHL2	2274
Q14315	Q14315	FLNC	2318
Q14520	Q14520	HABP2	3026
Q14525	Q14525	KRT33B	3884
Q14532	Q14532	KRT32	3882
Q14533	Q14533	KRT81	3887
Q14738	Q14738	PPP2R5D	5528
Q15024	Q15024	EXOSC7	23016
Q15054	Q15054	POLD3	10714
Q15139	Q15139	PRKD1	5587
Q15323	Q15323	KRT31	3881
Q15326	Q15326	ZMYND11	10771
Q15345	Q15345	LRRC41	10489
Q15493	Q15493	RGN	9104
Q15758	Q15758	SLC1A5	6510
Q15819	Q15819	UBE2V2	7336
Q15831	Q15831	STK11	6794
Q15853	Q15853	USF2	7392
Q16527	Q16527	CSRP2	1466
Q16798	Q16798	ME3	10873
Q2TAZ0	Q2TAZ0	ATG2A	23130
Q2TBE0	Q2TBE0	CWF19L2	143884
Q2VPK5	Q2VPK5	CTU2	348180
Q32M88	Q32M88	PGGHG	80162
Q4G0N4	Q4G0N4	NADK2	133686
Q4LE39	Q4LE39	ARID4B	51742
Q52LG2	Q52LG2	KRTAP13-2	337959
Q53ET0	Q53ET0	CRTC2	200186
Q53FA7	Q53FA7	TP53I3	9540
Q58FF8	Q58FF8	HSP90AB2P	391634
Q5BKY9	Q5BKY9	FAM133B	257415
Q5EBM0	Q5EBM0	CMPK2	129607
Q5HYI7	Q5HYI7	MTX3	345778
Q5JTJ3	Q5JTJ3	COA6	388753
Q5JWR5	Q5JWR5	DOP1A	23033
Q5QP82	Q5QP82	DCAF10	79269
Q5T011	Q5T011	SZT2	23334
Q5T3F8	Q5T3F8	TMEM63B	55362
Q5T6F2	Q5T6F2	UBAP2	55833
Q5T9A4	Q5T9A4	ATAD3B	83858
Q5TCZ1	Q5TCZ1	SH3PXD2A	9644
Q5TFE4	Q5TFE4	NT5DC1	221294
Q5VTL7	Q5VTL7	FNDC7	163479
Q5VW38	Q5VW38	GPR107	57720
Q5VWQ0	Q5VWQ0	RSBN1	54665
Q5VZE5	Q5VZE5	NAA35	60560
Q5W0B7	Q5W0B7	TMEM236	653567
Q5XPI4	Q5XPI4	RNF123	63891
Q63HM1	Q63HM1	AFMID	125061
Q68DK2	Q68DK2	ZFYVE26	23503
Q69YI7	Q69YI7	NAIF1	203245
Q69YN2	Q69YN2	CWF19L1	55280
Q6A163	Q6A163	KRT39	390792
Q6DD87	Q6DD87	ZNF787	126208
Q6DKI1	Q6DKI1	RPL7L1	285855
Q6HA08	Q6HA08	ASTL	431705
Q6N022	Q6N022	TENM4	26011
Q6N043	Q6N043	ZNF280D	54816
Q6NSI4	Q6NSI4	RADX	55086
Q6NSW5	Q6NSW5	DENND10P1	404636
Q6NUK4	Q6NUK4	REEP3	221035
Q6NUQ1	Q6NUQ1	RINT1	60561
Q6NVU6	Q6NVU6	UFSP1	402682
Q6PJG6	Q6PJG6	BRAT1	221927
Q6UB98	Q6UB98	ANKRD12	23253
Q6UX07	Q6UX07	DHRS13	147015
Q6UX71	Q6UX71	PLXDC2	84898
Q6VMQ6	Q6VMQ6	ATF7IP	55729
Q6ZN55	Q6ZN55	ZNF574	64763
Q6ZNJ1	Q6ZNJ1	NBEAL2	23218
Q6ZUT9	Q6ZUT9	DENND5B	160518
Q6ZVK8	Q6ZVK8	NUDT18	79873
Q6ZW49	Q6ZW49	PAXIP1	22976
Q70Z53	Q70Z53	FRA10AC1	118924
Q71RC2	Q71RC2	LARP4	113251
Q75N03	Q75N03	CBLL1	79872
Q7KYR7	Q7KYR7	BTN2A1	11120
Q7L804	Q7L804	RAB11FIP2	22841
Q7Z3E5	Q7Z3E5	ARMC9	80210
Q7Z4H7	Q7Z4H7	HAUS6	54801
Q7Z4I7	Q7Z4I7	LIMS2	55679
Q7Z5J1	Q7Z5J1	HSD11B1L	374875
Q7Z6B7	Q7Z6B7	SRGAP1	57522
Q7Z6E9	Q7Z6E9	RBBP6	5930
Q7Z7A3	Q7Z7A3	CTU1	90353
Q86SF2	Q86SF2	GALNT7	51809
Q86T03	Q86T03	PIP4P1	90809
Q86TH1	Q86TH1	ADAMTSL2	9719
Q86TW2	Q86TW2	ADCK1	57143
Q86TX2	Q86TX2	ACOT1	641371
Q86U70	Q86U70	LDB1	8861
Q86UL8	Q86UL8	MAGI2	9863
Q86UW7	Q86UW7	CADPS2	93664
Q86V88	Q86V88	MDP1	145553
Q86XZ4	Q86XZ4	SPATS2	65244
Q86Y37	Q86Y37	CACUL1	143384
Q86Y56	Q86Y56	DNAAF5	54919
Q86YB7	Q86YB7	ECHDC2	55268
Q86YR5	Q86YR5	GPSM1	26086
Q8IUC1	Q8IUC1	KRTAP11-1	337880
Q8IUF1	Q8IUF1	ZNG1B	150472
Q8IUH5	Q8IUH5	ZDHHC17	23390
Q8IUW3	Q8IUW3	SPATA2L	124044
Q8IV45	Q8IV45	UNC5CL	222643
Q8IVL1	Q8IVL1	NAV2	89797
Q8IWA5	Q8IWA5	SLC44A2	57153
Q8IWQ3	Q8IWQ3	BRSK2	9024
Q8IWS0	Q8IWS0	PHF6	84295
Q8IWV8	Q8IWV8	UBR2	23304
Q8IWZ5	Q8IWZ5	TRIM42	287015
Q8IYB1	Q8IYB1	MB21D2	151963
Q8IYK4	Q8IYK4	COLGALT2	23127
Q8IZP9	Q8IZP9	ADGRG2	10149
Q8N137	Q8N137	CNTROB	116840
Q8N142	Q8N142	ADSS1	122622
Q8N1G0	Q8N1G0	ZNF687	57592
Q8N257	Q8N257	H2BC26	128312
Q8N3I7	Q8N3I7	BBS5	129880
Q8N475	Q8N475	FSTL5	56884
Q8N490	Q8N490	PNKD	25953
Q8N4S0	Q8N4S0	CCDC82	79780
Q8N5B7	Q8N5B7	CERS5	91012
Q8N680	Q8N680	ZBTB2	57621
Q8N6L1	Q8N6L1	KRTCAP2	200185
Q8N6R0	Q8N6R0	METTL13	51603
Q8N9I9	Q8N9I9	DTX3	196403
Q8N9M5	Q8N9M5	TMEM102	284114
Q8N9T8	Q8N9T8	KRI1	65095
Q8NAB2	Q8NAB2	KBTBD3	143879
Q8NC60	Q8NC60	NOA1	84273
Q8ND04	Q8ND04	SMG8	55181
Q8NDV7	Q8NDV7	TNRC6A	27327
Q8NFZ8	Q8NFZ8	CADM4	199731
Q8NG27	Q8NG27	PJA1	64219
Q8NHM4	Q8NHM4	PRSS3P2	154754
Q8NHV4	Q8NHV4	NEDD1	121441
Q8TAM2	Q8TAM2	TTC8	123016
Q8TBF2	Q8TBF2	PRXL2B	127281
Q8TBM8	Q8TBM8	DNAJB14	79982
Q8TCT8	Q8TCT8	SPPL2A	84888
Q8TD30	Q8TD30	GPT2	84706
Q8TDX7	Q8TDX7	NEK7	140609
Q8TDY2	Q8TDY2	RB1CC1	9821
Q8TE76	Q8TE76	MORC4	79710
Q8TE96	Q8TE96	DQX1	165545
Q8TEB9	Q8TEB9	RHBDD1	84236
Q8TED0	Q8TED0	UTP15	84135
Q8TF21	Q8TF21	ANKRD24	170961
Q8TF66	Q8TF66	LRRC15	131578
Q8WU39	Q8WU39	MZB1	51237
Q8WUD4	Q8WUD4	CCDC12	151903
Q8WUK0	Q8WUK0	PTPMT1	114971
Q8WUY8	Q8WUY8	NAT14	57106
Q8WV41	Q8WV41	SNX33	257364
Q8WVF1	Q8WVF1	OSCP1	127700
Q8WVX9	Q8WVX9	FAR1	84188
Q8WWM9	Q8WWM9	CYGB	114757
Q8WWV3	Q8WWV3	RTN4IP1	84816
Q8WYA0	Q8WYA0	IFT81	28981
Q92547	Q92547	TOPBP1	11073
Q92558	Q92558	WASF1	8936
Q92743	Q92743	HTRA1	5654
Q92764	Q92764	KRT35	3886
Q92871	Q92871	PMM1	5372
Q92901	Q92901	RPL3L	6123
Q92934	Q92934	BAD	572
Q92968	Q92968	PEX13	5194
Q93077	Q93077	H2AC6	8334
Q969F9	Q969F9	HPS3	84343
Q969P0	Q969P0	IGSF8	93185
Q969Q1	Q969Q1	TRIM63	84676
Q969R2	Q969R2	OSBP2	23762
Q96A00	Q96A00	PPP1R14A	94274
Q96B54	Q96B54	ZNF428	126299
Q96BD5	Q96BD5	PHF21A	51317
Q96BJ8	Q96BJ8	ELMO3	79767
Q96BY9	Q96BY9	SARAF	51669
Q96BZ8	Q96BZ8	LENG1	79165
Q96D09	Q96D09	GPRASP2	114928
Q96EV2	Q96EV2	RBM33	155435
Q96F10	Q96F10	SAT2	112483
Q96F24	Q96F24	NRBF2	29982
Q96FJ0	Q96FJ0	STAMBPL1	57559
Q96FK6	Q96FK6	WDR89	112840
Q96FZ2	Q96FZ2	HMCES	56941
Q96GA3	Q96GA3	LTV1	84946
Q96GK7	Q96GK7	FAHD2A	51011
Q96I45	Q96I45	TMEM141	85014
Q96J02	Q96J02	ITCH	83737
Q96JC9	Q96JC9	EAF1	85403
Q96JG8	Q96JG8	MAGED4; MAGED4B	81557
Q96JI7	Q96JI7	SPG11	80208
Q96LD4	Q96LD4	TRIM47	NA
Q96LI5	Q96LI5	CNOT6L	246175
Q96N03	Q96N03	VSTM2L	128434
Q96NT1	Q96NT1	NAP1L5	266812
Q96Q15	Q96Q15	SMG1	23049
Q96QE5	Q96QE5	TEFM	79736
Q96SB4	Q96SB4	SRPK1	6732
Q96SZ5	Q96SZ5	ADO	84890
Q99470	Q99470	SDF2	6388
Q99504	Q99504	EYA3	2140
Q99519	Q99519	NEU1	4758
Q99538	Q99538	LGMN	5641
Q99541	Q99541	PLIN2	NA
Q99547	Q99547	MPHOSPH6	10200
Q99549	Q99549	MPHOSPH8	54737
Q99571	Q99571	P2RX4	5025
Q99594	Q99594	TEAD3	7005
Q99608	Q99608	NDN	4692
Q99661	Q99661	KIF2C	11004
Q99758	Q99758	ABCA3	21
Q99797	Q99797	MIPEP	4285
Q99988	Q99988	GDF15	9518
Q9BPZ7	Q9BPZ7	MAPKAP1	79109
Q9BR61	Q9BR61	ACBD6	84320
Q9BRD0	Q9BRD0	BUD13	84811
Q9BRF8	Q9BRF8	CPPED1	55313
Q9BRP4	Q9BRP4	PAAF1	80227
Q9BRR3	Q9BRR3	PGAP4	84302
Q9BRT6	Q9BRT6	LLPH	84298
Q9BSA9	Q9BSA9	TMEM175	84286
Q9BTE7	Q9BTE7	DCUN1D5	84259
Q9BUK6	Q9BUK6	MSTO1	55154
Q9BUL9	Q9BUL9	RPP25	54913
Q9BV68	Q9BV68	RNF126	55658
Q9BVC5	Q9BVC5	C2orf49	79074
Q9BW19	Q9BW19	KIFC1	3833
Q9BWE0	Q9BWE0	REPIN1	29803
Q9BXS4	Q9BXS4	TMEM59	9528
Q9BXY8	Q9BXY8	BEX2	84707
Q9BY76	Q9BY76	ANGPTL4	51129
Q9BY89	Q9BY89	KIAA1671	85379
Q9BYD5	Q9BYD5	CNFN	84518
Q9BYQ7	Q9BYQ7	KRTAP4-1	NA
Q9BYR0	Q9BYR0	KRTAP4-7	100132476
Q9BYR6	Q9BYR6	KRTAP3-3	85293
Q9BYT3	Q9BYT3	STK33	65975
Q9BYT8	Q9BYT8	NLN	57486
Q9BYX4	Q9BYX4	IFIH1	64135
Q9BZ23	Q9BZ23	PANK2	80025
Q9BZ95	Q9BZ95	NSD3	54904
Q9BZC7	Q9BZC7	ABCA2	20
Q9BZF3	Q9BZF3	OSBPL6	114880
Q9BZI1	Q9BZI1	IRX2	153572
Q9GZT4	Q9GZT4	SRR	63826
Q9GZT9	Q9GZT9	EGLN1	54583
Q9H009	Q9H009	NACA2	342538
Q9H0B8	Q9H0B8	CRISPLD2	83716
Q9H0G5	Q9H0G5	NSRP1	84081
Q9H0R3	Q9H0R3	TMEM222	84065
Q9H0U9	Q9H0U9	TSPYL1	7259
Q9H0V1	Q9H0V1	TMEM168	64418
Q9H204	Q9H204	MED28	80306
Q9H2H8	Q9H2H8	PPIL3	53938
Q9H3H5	Q9H3H5	DPAGT1	1798
Q9H3K2	Q9H3K2	GHITM	27069
Q9H492	Q9H492	MAP1LC3A	84557
Q9H4B6	Q9H4B6	SAV1	60485
Q9H4I3	Q9H4I3	TRABD	80305
Q9H5K3	Q9H5K3	POMK	84197
Q9H5Z1	Q9H5Z1	DHX35	60625
Q9H6E5	Q9H6E5	TUT1	64852
Q9H6K4	Q9H6K4	OPA3	80207
Q9H6R3	Q9H6R3	ACSS3	79611
Q9H6Y2	Q9H6Y2	WDR55	54853
Q9HA82	Q9HA82	CERS4	79603
Q9HAP2	Q9HAP2	MLXIP	22877
Q9HAS0	Q9HAS0	C17orf75	64149
Q9HAV0	Q9HAV0	GNB4	59345
Q9HBH1	Q9HBH1	PDF	64146
Q9HBI1	Q9HBI1	PARVB	29780
Q9HCH3	Q9HCH3	CPNE5	57699
Q9HCK8	Q9HCK8	CHD8	57680
Q9HCU0	Q9HCU0	CD248	57124
Q9NPE3	Q9NPE3	NOP10	55505
Q9NPG3	Q9NPG3	UBN1	29855
Q9NPY3	Q9NPY3	CD93	22918
Q9NQ34	Q9NQ34	TMEM9B	56674
Q9NQ84	Q9NQ84	GPRC5C	55890
Q9NQA3	Q9NQA3	WASH6P	100287171
Q9NQC7	Q9NQC7	CYLD	1540
Q9NQG7	Q9NQG7	HPS4	89781
Q9NQW6	Q9NQW6	ANLN	54443
Q9NRA0	Q9NRA0	SPHK2	56848
Q9NRX1	Q9NRX1	PNO1	56902
Q9NRZ9	Q9NRZ9	HELLS	3070
Q9NS15	Q9NS15	LTBP3	4054
Q9NSB2	Q9NSB2	KRT84	3890
Q9NSB4	Q9NSB4	KRT82	3888
Q9NTJ3	Q9NTJ3	SMC4	10051
Q9NU23	Q9NU23	LYRM2	57226
Q9NUL3	Q9NUL3	STAU2	27067
Q9NUM3	Q9NUM3	SLC39A9	55334
Q9NV88	Q9NV88	INTS9	55756
Q9NVM9	Q9NVM9	INTS13	55726
Q9NVP4	Q9NVP4	DZANK1	55184
Q9NVX7	Q9NVX7	KBTBD4	55709
Q9NW15	Q9NW15	ANO10	55129
Q9NWF9	Q9NWF9	RNF216	54476
Q9NWT1	Q9NWT1	PAK1IP1	55003
Q9NWZ8	Q9NWZ8	GEMIN8	54960
Q9NX02	Q9NX02	NLRP2	55655
Q9NX55	Q9NX55	HYPK	25764
Q9NX76	Q9NX76	CMTM6	54918
Q9NXC2	Q9NXC2	GFOD1	54438
Q9NXR7	Q9NXR7	BABAM2	9577
Q9NY35	Q9NY35	CLDND1	56650
Q9NZ63	Q9NZ63	C9orf78	51759
Q9NZC9	Q9NZC9	SMARCAL1	50485
Q9P0K9	Q9P0K9	FRRS1L	23732
Q9P0M2	Q9P0M2	AKAP7	9465
Q9P0P8	Q9P0P8	MTRES1	51250
Q9P2A4	Q9P2A4	ABI3	51225
Q9UBF6	Q9UBF6	RNF7	9616
Q9UBK7	Q9UBK7	RABL2A	11159
Q9UFW8	Q9UFW8	CGGBP1	8545
Q9UGL9	Q9UGL9	CRCT1	54544
Q9UHG0	Q9UHG0	DCDC2	51473
Q9UHI6	Q9UHI6	DDX20	11218
Q9UHR4	Q9UHR4	BAIAP2L1	55971
Q9UIF9	Q9UIF9	BAZ2A	11176
Q9UJ04	Q9UJ04	TSPYL4	23270
Q9UJ55	Q9UJ55	MAGEL2	54551
Q9UJF2	Q9UJF2	RASAL2	9462
Q9UJX6	Q9UJX6	ANAPC2	29882
Q9UKI8	Q9UKI8	TLK1	9874
Q9UKR5	Q9UKR5	ERG28	11161
Q9UKV5	Q9UKV5	AMFR	267
Q9UL33	Q9UL33	TRAPPC2L	51693
Q9UL40	Q9UL40	ZNF346	23567
Q9UL54	Q9UL54	TAOK2	9344
Q9ULL5	Q9ULL5	PRR12	57479
Q9ULW0	Q9ULW0	TPX2	22974
Q9UM13	Q9UM13	ANAPC10	10393
Q9UNQ2	Q9UNQ2	DIMT1	27292
Q9UNX3	Q9UNX3	RPL26L1	51121
Q9UQF2	Q9UQF2	MAPK8IP1	9479
Q9Y227	Q9Y227	ENTPD4	9583
Q9Y2H0	Q9Y2H0	DLGAP4	22839
Q9Y2I9	Q9Y2I9	TBC1D30	23329
Q9Y2X9	Q9Y2X9	ZNF281	23528
Q9Y316	Q9Y316	MEMO1	51072
Q9Y3A2	Q9Y3A2	UTP11	51118
Q9Y3A4	Q9Y3A4	RRP7A	27341
Q9Y3B9	Q9Y3B9	RRP15	51018
Q9Y3C1	Q9Y3C1	NOP16	51491
Q9Y3Y2	Q9Y3Y2	CHTOP	26097
Q9Y4G8	Q9Y4G8	RAPGEF2	9693
Q9Y4J8	Q9Y4J8	DTNA	1837
Q9Y4K0	Q9Y4K0	LOXL2	4017
Q9Y547	Q9Y547	IFT25	51668
Q9Y584	Q9Y584	TIMM22	29928
Q9Y5J9	Q9Y5J9	TIMM8B	26521
Q9Y5L4	Q9Y5L4	TIMM13	26517
Q9Y5N6	Q9Y5N6	ORC6	23594
Q9Y5W8	Q9Y5W8	SNX13	23161
Q9Y5Y0	Q9Y5Y0	FLVCR1	28982
Q9Y619	Q9Y619	SLC25A15	10166
Q9Y644	Q9Y644	RFNG	5986
Q9Y657	Q9Y657	SPIN1	10927
Q9Y6D0	Q9Y6D0	SELENOK	58515
Q9Y6G3	Q9Y6G3	MRPL42	28977
Q9Y6M1	Q9Y6M1	IGF2BP2	10644
Q9Y6N1	Q9Y6N1	COX11	1353
A0A075B6H7	A0A075B6H7	IGKV3-7	28915
A0A075B6P5	A0A075B6P5	IGKV2-28	28921
A0A0A0MS14	A0A0A0MS14	IGHV1-45	28466
A0A0B4J1Y9	A0A0B4J1Y9	IGHV3-72	28410
A0A1B0GVM6	A0A1B0GVM6	C11orf97	643037
A0AVF1	A0AVF1	IFT56	79989
A1Z1Q3	A1Z1Q3	MACROD2	140733
A4D1S5	A4D1S5	RAB19	401409
A6NCN2	A6NCN2	KRT87P	85349
A6NGU5	A6NGU5	GGT3P	2678
A8MXZ3	A8MXZ3	KRTAP9-1	728318
E5RJM6	E5RJM6	ANKRD65	441869
F8WCM5	F8WCM5	INS-IGF2	723961
G5E9R7	G5E9R7	KRTAP4-16	85354
K7EJ46	K7EJ46	SMIM22	440335
O00255	O00255	MEN1	4221
O00444	O00444	PLK4	10733
O00481	O00481	BTN3A1	11119
O00507	O00507	USP9Y	8287
O14494	O14494	PLPP1	8611
O14678	O14678	ABCD4	5826
O14734	O14734	ACOT8	10005
O14910	O14910	LIN7A	8825
O14920	O14920	IKBKB	3551
O14925	O14925	TIMM23	100287932
O15037	O15037	KHNYN	23351
O15091	O15091	PRORP	9692
O15182	O15182	CETN3	1070
O15198	O15198	SMAD9	4093
O15417	O15417	TNRC18	84629
O15525	O15525	MAFG	4097
O43159	O43159	RRP8	23378
O43278	O43278	SPINT1	6692
O43353	O43353	RIPK2	8767
O43734	O43734	TRAF3IP2	10758
O43824	O43824	GTPBP6	8225
O60234	O60234	GMFG	9535
O60486	O60486	PLXNC1	10154
O60635	O60635	TSPAN1	10103
O60706	O60706	ABCC9	10060
O60783	O60783	MRPS14	63931
O60844	O60844	ZG16	653808
O60907	O60907	TBL1X	6907
O75140	O75140	DEPDC5	9681
O75317	O75317	USP12	219333
O75503	O75503	CLN5	1203
O75718	O75718	CRTAP	10491
O75881	O75881	CYP7B1	9420
O94827	O94827	PLEKHG5	57449
O94923	O94923	GLCE	26035
O94985	O94985	CLSTN1	22883
O95428	O95428	PAPLN	89932
O95551	O95551	TDP2	51567
O95684	O95684	CEP43	11116
O95707	O95707	POP4	10775
O95801	O95801	TTC4	7268
O95897	O95897	OLFM2	93145
O96024	O96024	B3GALT4	8705
P01111	P01111	NRAS	4893
P01591	P01591	JCHAIN	3512
P02745	P02745	C1QA	712
P02746	P02746	C1QB	713
P02747	P02747	C1QC	714
P03891	P03891	MT-ND2	4536
P04150	P04150	NR3C1	2908
P04196	P04196	HRG	3273
P04440	P04440	HLA-DPB1	3115
P04733	P04733	MT1F	4494
P06241	P06241	FYN	2534
P06276	P06276	BCHE	590
P07358	P07358	C8B	732
P08697	P08697	SERPINF2	5345
P08949	P08949	NMB	4828
P09238	P09238	MMP10	4319
P0CG38	P0CG38	POTEI	653269
P0DI81	P0DI81	TRAPPC2	6399
P0DOX2	P0DOX2	NA	NA
P0DPK5	P0DPK5	H3Y2	340096
P10145	P10145	CXCL8	3576
P11678	P11678	EPX	8288
P14373	P14373	TRIM27	5987
P14415	P14415	ATP1B2	482
P15291	P15291	B4GALT1	2683
P16083	P16083	NQO2	4835
P17693	P17693	HLA-G	3135
P17706	P17706	PTPN2	5771
P18433	P18433	PTPRA	5786
P18564	P18564	ITGB6	3694
P22415	P22415	USF1	7391
P23297	P23297	S100A1	6271
P26371	P26371	KRTAP5-9	3846
P27216	P27216	ANXA13	312
P27544	P27544	CERS1	10715
P28067	P28067	HLA-DMA	3108
P28347	P28347	TEAD1	7003
P29083	P29083	GTF2E1	2960
P29466	P29466	CASP1	834
P30281	P30281	CCND3	896
P30511	P30511	HLA-F	3134
P34896	P34896	SHMT1	6470
P35625	P35625	TIMP3	7078
P35790	P35790	CHKA	1119
P35858	P35858	IGFALS	3483
P37268	P37268	FDFT1	2222
P38435	P38435	GGCX	2677
P40426	P40426	PBX3	5090
P42262	P42262	GRIA2	2891
P42263	P42263	GRIA3	2892
P43251	P43251	BTD	686
P47900	P47900	P2RY1	5028
P48201	P48201	ATP5MC3	518
P49356	P49356	FNTB	2342
P49757	P49757	NUMB	8650
P49761	P49761	CLK3	1198
P49802	P49802	RGS7	6000
P49848	P49848	TAF6	6878
P49917	P49917	LIG4	3981
P50443	P50443	SLC26A2	1836
P51513	P51513	NOVA1	4857
P51668	P51668	UBE2D1	7321
P51674	P51674	GPM6A	2823
P51805	P51805	PLXNA3	55558
P51878	P51878	CASP5	838
P52824	P52824	DGKQ	1609
P53803	P53803	POLR2K	5440
P54259	P54259	ATN1	1822
P54277	P54277	PMS1	5378
P54646	P54646	PRKAA2	5563
P54851	P54851	EMP2	2013
P54922	P54922	ADPRH	141
P57678	P57678	GEMIN4	50628
P58004	P58004	SESN2	83667
P58215	P58215	LOXL3	84695
P61266	P61266	STX1B	112755
P61599	P61599	NAA20	51126
P61962	P61962	DCAF7	10238
P62341	P62341	SELENOT	51714
P62380	P62380	TBPL1	9519
P62837	P62837	UBE2D2	7322
P63267	P63267	ACTG2	72
P78316	P78316	NOP14	8602
P78330	P78330	PSPH	5723
P78536	P78536	ADAM17	6868
P80162	P80162	CXCL6	6372
P83876	P83876	TXNL4A	10907
P84101	P84101	SERF2	10169
Q02742	Q02742	GCNT1	2650
Q03013	Q03013	GSTM4	2948
Q03405	Q03405	PLAUR	5329
Q04724	Q04724	TLE1	7088
Q04864	Q04864	REL	5966
Q04900	Q04900	CD164	8763
Q06547	Q06547	GABPB1	2553
Q07283	Q07283	TCHH	7062
Q07352	Q07352	ZFP36L1	677
Q08AD1	Q08AD1	CAMSAP2	23271
Q12923	Q12923	PTPN13	5783
Q12965	Q12965	MYO1E	4643
Q12980	Q12980	NPRL3	8131
Q13015	Q13015	MLLT11	10962
Q13163	Q13163	MAP2K5	5607
Q13416	Q13416	ORC2	4999
Q13433	Q13433	SLC39A6	25800
Q13444	Q13444	ADAM15	8751
Q13535	Q13535	ATR	545
Q13563	Q13563	PKD2	5311
Q13601	Q13601	KRR1	11103
Q13637	Q13637	RAB32	10981
Q13751	Q13751	LAMB3	3914
Q13795	Q13795	ARFRP1	10139
Q14186	Q14186	TFDP1	7027
Q14457	Q14457	BECN1	8678
Q14515	Q14515	SPARCL1	8404
Q14534	Q14534	SQLE	6713
Q14654	Q14654	KCNJ11	3767
Q14703	Q14703	MBTPS1	8720
Q14814	Q14814	MEF2D	4209
Q14964	Q14964	RAB39A	54734
Q15166	Q15166	PON3	5446
Q15208	Q15208	STK38	11329
Q15397	Q15397	PUM3	9933
Q15788	Q15788	NCOA1	8648
Q16594	Q16594	TAF9	6880
Q16875	Q16875	PFKFB3	5209
Q16880	Q16880	UGT8	7368
Q1L5Z9	Q1L5Z9	LONRF2	164832
Q2KHT3	Q2KHT3	CLEC16A	23274
Q2M3G4	Q2M3G4	SHROOM1	134549
Q2Y0W8	Q2Y0W8	SLC4A8	9498
Q32NB8	Q32NB8	PGS1	9489
Q3B7J2	Q3B7J2	GFOD2	81577
Q3KQZ1	Q3KQZ1	SLC25A35	399512
Q3KRA6	Q3KRA6	C2orf76	NA
Q3ZCW2	Q3ZCW2	LGALSL	29094
Q4G148	Q4G148	GXYLT1	283464
Q52LW3	Q52LW3	ARHGAP29	NA
Q53H82	Q53H82	LACTB2	51110
Q53QV2	Q53QV2	LBH	81606
Q5DX21	Q5DX21	IGSF11	152404
Q5JPE7	Q5JPE7	NOMO2	283820
Q5JSJ4	Q5JSJ4	INTS6L	203522
Q5K651	Q5K651	SAMD9	54809
Q5MIZ7	Q5MIZ7	PPP4R3B	57223
Q5MNZ9	Q5MNZ9	WIPI1	55062
Q5PSV4	Q5PSV4	BRMS1L	84312
Q5SQH8	Q5SQH8	C6orf136	221545
Q5SYB0	Q5SYB0	FRMPD1	22844
Q5T4F4	Q5T4F4	ZFYVE27	118813
Q5T6J7	Q5T6J7	IDNK	414328
Q5TGY3	Q5TGY3	AHDC1	27245
Q5VV42	Q5VV42	CDKAL1	54901
Q5VWP2	Q5VWP2	TENT5C	54855
Q641Q2	Q641Q2	WASHC2A	387680
Q68CP9	Q68CP9	ARID2	196528
Q6DN03	Q6DN03	H2BC20P	337873
Q6FI13	Q6FI13	H2AC18; H2AC19	8337
Q6IAN0	Q6IAN0	DHRS7B	25979
Q6IC98	Q6IC98	GRAMD4	23151
Q6JQN1	Q6JQN1	ACAD10	80724
Q6L9W6	Q6L9W6	B4GALNT3	283358
Q6P158	Q6P158	DHX57	90957
Q6P2C8	Q6P2C8	MED27	9442
Q6P2I3	Q6P2I3	FAHD2B	NA
Q6P2P2	Q6P2P2	PRMT9	90826
Q6PI47	Q6PI47	KCTD18	130535
Q6PIF6	Q6PIF6	MYO7B	4648
Q6PKC3	Q6PKC3	TXNDC11	51061
Q6UWU4	Q6UWU4	C6orf89	221477
Q6ZN66	Q6ZN66	GBP6	163351
Q765P7	Q765P7	MTSS2	92154
Q76EJ3	Q76EJ3	SLC35D2	11046
Q76FK4	Q76FK4	NOL8	55035
Q7KZN9	Q7KZN9	COX15	1355
Q7L1V2	Q7L1V2	MON1B	22879
Q7L523	Q7L523	RRAGA	10670
Q7L8J4	Q7L8J4	SH3BP5L	80851
Q7RTN6	Q7RTN6	STRADA	92335
Q7RTS7	Q7RTS7	KRT74	121391
Q7RTS9	Q7RTS9	DYM	54808
Q7Z2E3	Q7Z2E3	APTX	54840
Q7Z2Y5	Q7Z2Y5	NRK	203447
Q7Z304	Q7Z304	MAMDC2	256691
Q7Z412	Q7Z412	PEX26	55670
Q7Z4G1	Q7Z4G1	COMMD6	170622
Q7Z7B1	Q7Z7B1	PIGW	284098
Q7Z7F0	Q7Z7F0	KHDC4	22889
Q7Z7G8	Q7Z7G8	VPS13B	157680
Q7Z7K0	Q7Z7K0	CMC1	152100
Q86SE5	Q86SE5	RALYL	138046
Q86T13	Q86T13	CLEC14A	161198
Q86T65	Q86T65	DAAM2	23500
Q86UL3	Q86UL3	GPAT4	137964
Q86UW8	Q86UW8	HAPLN4	404037
Q86V85	Q86V85	GPR180	160897
Q86VD7	Q86VD7	SLC25A42	284439
Q86VH5	Q86VH5	LRRTM3	347731
Q86WU2	Q86WU2	LDHD	197257
Q86WX3	Q86WX3	RPS19BP1	91582
Q86XE3	Q86XE3	MICU3	286097
Q86Y07	Q86Y07	VRK2	7444
Q86YD1	Q86YD1	PTOV1	53635
Q86YQ8	Q86YQ8	CPNE8	144402
Q86YT6	Q86YT6	MIB1	57534
Q86Z14	Q86Z14	KLB	152831
Q8HWS3	Q8HWS3	RFX6	222546
Q8IUC0	Q8IUC0	KRTAP13-1	140258
Q8IUH4	Q8IUH4	ZDHHC13	54503
Q8IV35	Q8IV35	CFAP337	151790
Q8IVG5	Q8IVG5	SAMD9L	219285
Q8IVH8	Q8IVH8	MAP4K3	8491
Q8IXK2	Q8IXK2	GALNT12	79695
Q8N0U8	Q8N0U8	VKORC1L1	154807
Q8N0Z6	Q8N0Z6	TTC5	91875
Q8N4V2	Q8N4V2	SVOP	55530
Q8N511	Q8N511	VMA12	147007
Q8N568	Q8N568	DCLK2	166614
Q8N5C8	Q8N5C8	TAB3	257397
Q8N5S9	Q8N5S9	CAMKK1	84254
Q8N699	Q8N699	MYCT1	80177
Q8N729	Q8N729	NPW	283869
Q8N999	Q8N999	RLIG1	91298
Q8NCG7	Q8NCG7	DAGLB	221955
Q8ND30	Q8ND30	PPFIBP2	8495
Q8ND82	Q8ND82	ZNF280C	55609
Q8NDC0	Q8NDC0	MAPK1IP1L	93487
Q8NDH6	Q8NDH6	ICA1L	130026
Q8NET4	Q8NET4	RTL9	57529
Q8NFT2	Q8NFT2	STEAP2	261729
Q8TAC9	Q8TAC9	SCAMP5	192683
Q8TAD4	Q8TAD4	SLC30A5	64924
Q8TAM1	Q8TAM1	BBS10	79738
Q8TBB6	Q8TBB6	SLC7A14	57709
Q8TCF1	Q8TCF1	ZFAND1	79752
Q8TCG5	Q8TCG5	CPT1C	126129
Q8TD22	Q8TD22	SFXN5	94097
Q8TDH9	Q8TDH9	BLOC1S5	63915
Q8TDW0	Q8TDW0	LRRC8C	84230
Q8TE02	Q8TE02	ELP5	23587
Q8WU10	Q8WU10	PYROXD1	79912
Q8WVI0	Q8WVI0	UQCC5	440957
Q8WVZ9	Q8WVZ9	KBTBD7	84078
Q8WWW8	Q8WWW8	GAB3	139716
Q8WZ74	Q8WZ74	CTTNBP2	83992
Q92539	Q92539	LPIN2	9663
Q92556	Q92556	ELMO1	9844
Q92567	Q92567	FAM168A	23201
Q92618	Q92618	ZNF516	9658
Q92685	Q92685	ALG3	10195
Q92738	Q92738	USP6NL	9712
Q969R8	Q969R8	ITFG2	55846
Q969T4	Q969T4	UBE2E3	10477
Q969U7	Q969U7	PSMG2	56984
Q96A22	Q96A22	C11orf52	91894
Q96A23	Q96A23	CPNE4	131034
Q96AE7	Q96AE7	TTC17	55761
Q96AY3	Q96AY3	FKBP10	60681
Q96B26	Q96B26	EXOSC8	11340
Q96BN2	Q96BN2	TADA1	117143
Q96BR1	Q96BR1	SGK3	23678
Q96C57	Q96C57	CUSTOS	64897
Q96DF8	Q96DF8	ESS2	8220
Q96EK4	Q96EK4	THAP11	57215
Q96EK6	Q96EK6	GNPNAT1	64841
Q96FL9	Q96FL9	GALNT14	79623
Q96GW9	Q96GW9	MARS2	92935
Q96H55	Q96H55	MYO19	80179
Q96I51	Q96I51	RCC1L	81554
Q96KR6	Q96KR6	FAM210B	116151
Q96KS9	Q96KS9	FAM167A	83648
Q96MD2	Q96MD2	KICS2	144577
Q96MG2	Q96MG2	JSRP1	126306
Q96MY1	Q96MY1	NOL4L	140688
Q96NB2	Q96NB2	SFXN2	118980
Q96NC0	Q96NC0	ZMAT2	153527
Q96ND0	Q96ND0	FAM210A	125228
Q96PV6	Q96PV6	LENG8	114823
Q96PY6	Q96PY6	NEK1	4750
Q96S06	Q96S06	LMF1	64788
Q99418	Q99418	CYTH2	9266
Q99543	Q99543	DNAJC2	27000
Q99750	Q99750	MDFI	4188
Q99999	Q99999	GAL3ST1	9514
Q9BQ16	Q9BQ16	SPOCK3	50859
Q9BQ75	Q9BQ75	CMSS1	84319
Q9BQ87	Q9BQ87	TBL1Y	90665
Q9BQK8	Q9BQK8	LPIN3	64900
Q9BQQ3	Q9BQQ3	GORASP1	64689
Q9BRL7	Q9BRL7	SEC22C	9117
Q9BT40	Q9BT40	INPP5K	51763
Q9BTM9	Q9BTM9	URM1	81605
Q9BUB7	Q9BUB7	TMEM70	54968
Q9BUE6	Q9BUE6	ISCA1	81689
Q9BUI4	Q9BUI4	POLR3C	10623
Q9BV81	Q9BV81	EMC6	83460
Q9BVS4	Q9BVS4	RIOK2	55781
Q9BVS5	Q9BVS5	TRMT61B	55006
Q9BVV7	Q9BVV7	TIMM21	29090
Q9BW83	Q9BW83	IFT27	11020
Q9BXB4	Q9BXB4	OSBPL11	114885
Q9BXW6	Q9BXW6	OSBPL1A	114876
Q9BXX0	Q9BXX0	EMILIN2	84034
Q9BY11	Q9BY11	PACSIN1	29993
Q9BY49	Q9BY49	PECR	55825
Q9BYQ4	Q9BYQ4	KRTAP9-2	83899
Q9BYR8	Q9BYR8	KRTAP3-1	83896
Q9BZ72	Q9BZ72	PITPNM2	57605
Q9BZC1	Q9BZC1	CELF4	56853
Q9BZG8	Q9BZG8	DPH1	1801
Q9BZR8	Q9BZR8	BCL2L14	79370
Q9C004	Q9C004	SPRY4	81848
Q9C0D3	Q9C0D3	ZYG11B	79699
Q9GZL7	Q9GZL7	WDR12	55759
Q9H000	Q9H000	MKRN2	23609
Q9H098	Q9H098	FAM107B	83641
Q9H0K1	Q9H0K1	SIK2	23235
Q9H0R1	Q9H0R1	AP5M1	55745
Q9H0T7	Q9H0T7	RAB17	64284
Q9H1A3	Q9H1A3	METTL9	51108
Q9H1D9	Q9H1D9	POLR3F	10621
Q9H201	Q9H201	EPN3	55040
Q9H2D1	Q9H2D1	SLC25A32	81034
Q9H300	Q9H300	PARL	55486
Q9H3M7	Q9H3M7	TXNIP	10628
Q9H3S4	Q9H3S4	TPK1	27010
Q9H490	Q9H490	PIGU	128869
Q9H496	Q9H496	TOR1AIP2	NA
Q9H4E7	Q9H4E7	DEF6	50619
Q9H4L4	Q9H4L4	SENP3	26168
Q9H6E4	Q9H6E4	CCDC134	79879
Q9H7Z3	Q9H7Z3	NRDE2	55051
Q9H903	Q9H903	MTHFD2L	441024
Q9H920	Q9H920	RNF121	55298
Q9H944	Q9H944	MED20	9477
Q9H9Y6	Q9H9Y6	POLR1B	84172
Q9HAP6	Q9HAP6	LIN7B	64130
Q9HBJ8	Q9HBJ8	CLTRN	57393
Q9HBK9	Q9HBK9	AS3MT	57412
Q9HBU6	Q9HBU6	ETNK1	55500
Q9HC16	Q9HC16	APOBEC3G	60489
Q9HCF6	Q9HCF6	TRPM3	80036
Q9HCG7	Q9HCG7	GBA2	57704
Q9HCU9	Q9HCU9	BRMS1	25855
Q9HD34	Q9HD34	LYRM4	57128
Q9NPJ8	Q9NPJ8	NXT2	55916
Q9NQX7	Q9NQX7	ITM2C	81618
Q9NRD8	Q9NRD8	DUOX2	50506
Q9NRJ7	Q9NRJ7	PCDHB16	57717
Q9NS73	Q9NS73	MBIP	51562
Q9NU19	Q9NU19	TBC1D22B	55633
Q9NUJ3	Q9NUJ3	TCP11L1	55346
Q9NV31	Q9NV31	IMP3	55272
Q9NV35	Q9NV35	NUDT15	55270
Q9NVN8	Q9NVN8	GNL3L	54552
Q9NVU0	Q9NVU0	POLR3E	55718
Q9NVX2	Q9NVX2	NLE1	54475
Q9NWR8	Q9NWR8	MCUB	55013
Q9NWS6	Q9NWS6	FAM118A	55007
Q9NX47	Q9NX47	MARCHF5	54708
Q9NXD2	Q9NXD2	MTMR10	54893
Q9NXF7	Q9NXF7	DCAF16	54876
Q9NXR1	Q9NXR1	NDE1	54820
Q9NYP7	Q9NYP7	ELOVL5	60481
Q9NYX4	Q9NYX4	CALY	50632
Q9NYY8	Q9NYY8	FASTKD2	22868
Q9NZK5	Q9NZK5	ADA2	51816
Q9NZQ7	Q9NZQ7	CD274	29126
Q9P275	Q9P275	USP36	57602
Q9P2Y5	Q9P2Y5	UVRAG	7405
Q9UBB5	Q9UBB5	MBD2	8932
Q9UBG3	Q9UBG3	CRNN	49860
Q9UBP4	Q9UBP4	DKK3	27122
Q9UBQ6	Q9UBQ6	EXTL2	2135
Q9UBS8	Q9UBS8	RNF14	9604
Q9UG56	Q9UG56	PISD	23761
Q9UH92	Q9UH92	MLX	6945
Q9UHF1	Q9UHF1	EGFL7	51162
Q9UHN1	Q9UHN1	POLG2	11232
Q9UHQ4	Q9UHQ4	BCAP29	55973
Q9UI26	Q9UI26	IPO11	51194
Q9UJ83	Q9UJ83	HACL1	26061
Q9UK17	Q9UK17	KCND3	3752
Q9UK39	Q9UK39	NOCT	25819
Q9UKA4	Q9UKA4	AKAP11	11215
Q9UKB1	Q9UKB1	FBXW11	23291
Q9UKF7	Q9UKF7	PITPNC1	26207
Q9UKW4	Q9UKW4	VAV3	10451
Q9ULV3	Q9ULV3	CIZ1	25792
Q9UM22	Q9UM22	EPDR1	54749
Q9UMX1	Q9UMX1	SUFU	51684
Q9UPR0	Q9UPR0	PLCL2	23228
Q9UQ16	Q9UQ16	DNM3	26052
Q9UQ26	Q9UQ26	RIMS2	9699
Q9UQ90	Q9UQ90	SPG7	6687
Q9Y221	Q9Y221	NIP7	51388
Q9Y241	Q9Y241	HIGD1A	25994
Q9Y261	Q9Y261	FOXA2	3170
Q9Y2D8	Q9Y2D8	SSX2IP	117178
Q9Y2K9	Q9Y2K9	STXBP5L	9515
Q9Y2R4	Q9Y2R4	DDX52	11056
Q9Y2Y0	Q9Y2Y0	ARL2BP	23568
Q9Y334	Q9Y334	VWA7	80737
Q9Y3B6	Q9Y3B6	EMC9	51016
Q9Y3I1	Q9Y3I1	FBXO7	25793
Q9Y462	Q9Y462	ZNF711	7552
Q9Y484	Q9Y484	WDR45	11152
Q9Y487	Q9Y487	ATP6V0A2	23545
Q9Y4D2	Q9Y4D2	DAGLA	747
Q9Y4P1	Q9Y4P1	ATG4B	23192
Q9Y508	Q9Y508	RNF114	55905
Q9Y5G7	Q9Y5G7	PCDHGA6	56109
Q9Y5H5	Q9Y5H5	PCDHA9	9752
Q9Y5L3	Q9Y5L3	ENTPD2	954
Q9Y5V0	Q9Y5V0	ZNF706	51123
Q9Y5V3	Q9Y5V3	MAGED1	9500
Q9Y5W7	Q9Y5W7	SNX14	57231
Q9Y672	Q9Y672	ALG6	29929
Q9Y6A1	Q9Y6A1	POMT1	10585
Q9Y6J9	Q9Y6J9	TAF6L	10629
Q9Y6K0	Q9Y6K0	CEPT1	10390
Q9Y6M7	Q9Y6M7	SLC4A7	9497
Q9Y6N8	Q9Y6N8	CDH10	1008
